"ibuttonID","NDVI_originalbyUCR","button_type","Lat","Lon","NDVIBuf30m_mean","medianHHIncome","LCpct30mBuf_building","LCpct30mBuf_road","LCpct30mBuf_soil","LCpct30mBuf_tree","LCpct30mBuf_grass","LCpct30mBuf_shrub","LCpct30mBuf_cropland","LCpct30mBuf_fallow","LCpct30mBuf_orchard","LCpct30mBuf_lake","LCpct30mBuf_canal","LCpct30mBuf_pool","LCpct30mBuf_seasonal.river","LST30mBuf_20170715_ MIN","LST30mBuf_20170715_ MAX","LST30mBuf_20170715_ RANGE","LST30mBuf_20170715_ MEAN","Tair_mean_00:00","Tair_mean_01:00","Tair_mean_02:00","Tair_mean_03:00","Tair_mean_04:00","Tair_mean_05:00","Tair_mean_06:00","Tair_mean_07:00","Tair_mean_08:00","Tair_mean_09:00","Tair_mean_10:00","Tair_mean_11:00","Tair_mean_12:00","Tair_mean_13:00","Tair_mean_14:00","Tair_mean_15:00","Tair_mean_16:00","Tair_mean_17:00","Tair_mean_18:00","Tair_mean_19:00","Tair_mean_20:00","Tair_mean_21:00","Tair_mean_22:00","Tair_mean_23:00","mean_Tair","max_pctl95_Tair","min_pctl05_Tair","HI_mean_00:00","HI_mean_01:00","HI_mean_02:00","HI_mean_03:00","HI_mean_04:00","HI_mean_05:00","HI_mean_06:00","HI_mean_07:00","HI_mean_08:00","HI_mean_09:00","HI_mean_10:00","HI_mean_11:00","HI_mean_12:00","HI_mean_13:00","HI_mean_14:00","HI_mean_15:00","HI_mean_16:00","HI_mean_17:00","HI_mean_18:00","HI_mean_19:00","HI_mean_20:00","HI_mean_21:00","HI_mean_22:00","HI_mean_23:00","mean_HI","max_pctl95_HI","min_pctl05_HI"
"H01",0.262561,"AirT",33.5015,-112.125719,-0.017407059397964,30321,0,0.725852272727273,0.132457386363636,0.107599431818182,0.0340909090909091,0,0,0,0,0,0,0,0,51.68016517,52.08012426,0.399959091,51.83671841,32.2661290322581,31.6129032258065,30.9112903225806,30.2741935483871,29.75,29.2661290322581,29.3870967741935,31.758064516129,32.9758064516129,34.9274193548387,36.741935483871,36.6693548387097,37.7741935483871,38.6774193548387,39.6290322580645,40.2338709677419,40.4193548387097,40.3467741935484,39.7016129032258,38.5322580645161,36.4193548387097,35.3387096774194,34.1935483870968,33.0645161290323,35.0362903225806,42.5,27.5,NA,NA,NA,NA,NA,NA,NA,NA,NA,NA,NA,NA,NA,NA,NA,NA,NA,NA,NA,NA,NA,NA,NA,NA,NA,NA,NA
"H02",0.287953,"AirT",33.470347,-112.050107,-0.042490076775236,36230,0.155761024182077,0.352418207681366,0.26778093883357,0.123399715504979,0.100640113798009,0,0,0,0,0,0,0,0,52.20583289,52.31101012,0.105177238,52.25294711,33.0403225806452,32.2983870967742,31.6048387096774,30.8951612903226,30.258064516129,29.7258064516129,29.758064516129,31.1612903225806,32.8145161290323,34.5887096774194,36.3709677419355,38.1370967741936,39.75,41.7177419354839,42.6048387096774,43.3145161290323,44.4112903225806,42.9435483870968,41.3387096774194,40.0322580645161,37.9274193548387,36.6935483870968,35.4274193548387,34.0322580645161,36.2852822580645,46,27.5,NA,NA,NA,NA,NA,NA,NA,NA,NA,NA,NA,NA,NA,NA,NA,NA,NA,NA,NA,NA,NA,NA,NA,NA,NA,NA,NA
"H03",0.496029,"AirT",33.521953,-112.078155,0.271137981245777,78125,0.167675329298683,0.280526877892488,0.152011391954432,0.241367034531862,0.158419366322535,0,0,0,0,0,0,0,0,45.37987716,45.54753338,0.167656216,45.44885943,30.9435483870968,30.1451612903226,29.5645161290323,28.9758064516129,28.5241935483871,28.0806451612903,27.9596774193548,29.4516129032258,31.4516129032258,34.2661290322581,36.4435483870968,37.9193548387097,38.7016129032258,39,39.3306451612903,39.5806451612903,40.0564516129032,40.1693548387097,39.3225806451613,37.9677419354839,34.9112903225806,33.7741935483871,32.7177419354839,31.7661290322581,34.2093413978495,42.5,26.5,NA,NA,NA,NA,NA,NA,NA,NA,NA,NA,NA,NA,NA,NA,NA,NA,NA,NA,NA,NA,NA,NA,NA,NA,NA,NA,NA
"H06",0.380222,"AirT",33.494452,-111.954938,0.197875033562741,161000,0.0565232847493779,0.212939921791681,0.13473160327053,0.428723782438678,0.167081407749733,0,0,0,0,0,0,0,0,47.3299315,47.90522637,0.575294868,47.6691167,30.5161290322581,29.9435483870968,29.3225806451613,28.6290322580645,28.0645161290323,27.5564516129032,28.1048387096774,29.7177419354839,31.6854838709677,33.7661290322581,35.1290322580645,36.5887096774194,37.6774193548387,38.75,39.4677419354839,40,40.1209677419355,39.5967741935484,38.758064516129,37.241935483871,34.6370967741936,33.4596774193548,32.25,31.3629032258065,33.8477822580645,42,25.5,NA,NA,NA,NA,NA,NA,NA,NA,NA,NA,NA,NA,NA,NA,NA,NA,NA,NA,NA,NA,NA,NA,NA,NA,NA,NA,NA
"H07",0.266501,"AirT",33.41953,-111.9126,-0.023159578725835,24333,0,0.378917378917379,0.454415954415954,0.122507122507123,0.0441595441595442,0,0,0,0,0,0,0,0,47.82782049,49.01681663,1.188996135,48.44213291,31.4758064516129,30.5,29.8870967741935,28.6370967741935,25.491935483871,27.1048387096774,27.5725806451613,31.4596774193548,32.3225806451613,34.8870967741936,34.8709677419355,36.4193548387097,37.3467741935484,38.4354838709677,39.6129032258064,39.8951612903226,40.3790322580645,39.6693548387097,38.7177419354839,37.1129032258064,35.2258064516129,34.25,33.241935483871,32.2016129032258,34.0299059139785,42,24.175,NA,NA,NA,NA,NA,NA,NA,NA,NA,NA,NA,NA,NA,NA,NA,NA,NA,NA,NA,NA,NA,NA,NA,NA,NA,NA,NA
"H08",0.285009,"AirT",33.477757,-112.005848,-0.045329320257171,31423,0.0471798510109968,0.28698119900674,0.401915572898191,0.154664774742817,0.109258602341256,0,0,0,0,0,0,0,0,50.66353553,51.12329896,0.45976343,50.90230844,32.4032258064516,31.8709677419355,31.1854838709677,30.6290322580645,29.9838709677419,29.4838709677419,29.4838709677419,32.3548387096774,33.5887096774194,34.6048387096774,37.0322580645161,36.6854838709677,37.6612903225806,38.8548387096774,40.3467741935484,41.0967741935484,42.9274193548387,42.0725806451613,42.8064516129032,39.3951612903226,36.7258064516129,35.5564516129032,34.4838709677419,33.4435483870968,35.6115591397849,44.5,27.5,NA,NA,NA,NA,NA,NA,NA,NA,NA,NA,NA,NA,NA,NA,NA,NA,NA,NA,NA,NA,NA,NA,NA,NA,NA,NA,NA
"H09",0.407801,"AirT",33.497713,-112.089496,0.179853883795686,42390,0.134206798866856,0.180240793201133,0.134560906515581,0.369688385269122,0.181303116147309,0,0,0,0,0,0,0,0,47.36901527,47.6525578,0.283542531,47.5228925,30.6854838709677,29.9838709677419,29.3548387096774,28.6693548387097,28.1935483870968,27.6612903225806,27.4274193548387,28.75,30.7096774193548,32.6209677419355,34.1612903225806,35.2016129032258,36.4193548387097,37.7822580645161,38.8629032258064,39.5,39.4516129032258,39.2177419354839,38.1370967741936,36.508064516129,34.6290322580645,33.3790322580645,32.3387096774194,31.508064516129,33.3813844086022,41.5,26,NA,NA,NA,NA,NA,NA,NA,NA,NA,NA,NA,NA,NA,NA,NA,NA,NA,NA,NA,NA,NA,NA,NA,NA,NA,NA,NA
"H10",0.311977,"AirT",33.463615,-112.088698,0.120728811612146,55625,0.13623395149786,0.207917261055635,0.227888730385164,0.245720399429387,0.182239657631954,0,0,0,0,0,0,0,0,49.11135924,49.34641278,0.23505354,49.20366102,32.0967741935484,31.3467741935484,30.7016129032258,30.0403225806452,29.508064516129,28.8629032258065,28.6854838709677,30.2177419354839,31.8306451612903,33.6048387096774,35.2258064516129,36.1693548387097,37.3790322580645,38.6209677419355,39.6451612903226,40.2177419354839,40.8790322580645,41.3709677419355,40.3709677419355,38.9516129032258,36.3145161290323,34.8709677419355,34.008064516129,32.8387096774194,34.7399193548387,43.5,27,NA,NA,NA,NA,NA,NA,NA,NA,NA,NA,NA,NA,NA,NA,NA,NA,NA,NA,NA,NA,NA,NA,NA,NA,NA,NA,NA
"H11",0.352113,"AirT",33.527367,-112.087716,0.023004856870029,75859,0.187234042553191,0.320212765957447,0.270567375886525,0.0308510638297872,0.168439716312057,0.00390070921985816,0,0,0,0,0,0.0187943262411348,0,47.75160226,48.47944348,0.727841218,48.2096295,30.5564516129032,29.7338709677419,29.0887096774194,28.491935483871,27.9193548387097,27.4112903225806,27.4435483870968,29.258064516129,31.3467741935484,33.6290322580645,35.7016129032258,36.0967741935484,36.8064516129032,38.1209677419355,39.4435483870968,40.4274193548387,41.8306451612903,41.8306451612903,38.5806451612903,37.3225806451613,34.9274193548387,33.5725806451613,32.3951612903226,31.4112903225806,33.8894489247312,43,26,NA,NA,NA,NA,NA,NA,NA,NA,NA,NA,NA,NA,NA,NA,NA,NA,NA,NA,NA,NA,NA,NA,NA,NA,NA,NA,NA
"H13",0.370486,"AirT",33.520046,-112.04112,0.010487364273199,53242,0.270078180525942,0.331556503198294,0.232764747690121,0.035181236673774,0.130419331911869,0,0,0,0,0,0,0,0,48.11365123,48.32841326,0.214762037,48.22455586,31.5161290322581,30.6290322580645,30.1129032258065,29.4838709677419,28.7661290322581,28.258064516129,28.3467741935484,30.1129032258065,32.6854838709677,34.5967741935484,35.4112903225806,36.9193548387097,38.0241935483871,39.258064516129,40.258064516129,40.9112903225806,41.5806451612903,43.258064516129,42.0645161290323,39.3387096774194,36.5,35.0483870967742,33.6612903225806,32.5483870967742,34.9704301075269,44.5,26.5,NA,NA,NA,NA,NA,NA,NA,NA,NA,NA,NA,NA,NA,NA,NA,NA,NA,NA,NA,NA,NA,NA,NA,NA,NA,NA,NA
"H14",0.445847,"AirT",33.556695,-112.091763,0.119874312227591,42679,0.174005681818182,0.263849431818182,0.214133522727273,0.142755681818182,0.200639204545455,0,0,0,0,0,0,0.00461647727272727,0,46.57345422,47.16781289,0.594358667,46.86166156,29.6532258064516,28.9193548387097,28.1935483870968,27.6451612903226,27.1290322580645,26.6532258064516,26.6129032258065,30.7903225806452,35.7177419354839,38.3709677419355,36.0806451612903,36.4274193548387,36.9677419354839,37.9112903225806,39.0645161290323,40.2741935483871,42.7096774193548,39.4193548387097,38.4274193548387,36.7661290322581,34.5,32.9354838709677,31.8467741935484,30.3709677419355,33.8911290322581,42.5,24.5,NA,NA,NA,NA,NA,NA,NA,NA,NA,NA,NA,NA,NA,NA,NA,NA,NA,NA,NA,NA,NA,NA,NA,NA,NA,NA,NA
"H16",0.356379,"RH",33.469355,-112.08809,0.203487467723953,128815,0.104159260575898,0.244934233913971,0.156061144685389,0.296480625666548,0.198364735158194,0,0,0,0,0,0,0,0,47.50154481,47.90046704,0.398922221,47.63451889,32.2935483870968,31.4709677419355,30.7532258064516,30.1967741935484,29.608064516129,28.9306451612903,28.6645161290323,30.8822580645161,31.6483870967742,33.2370967741936,34.4629032258064,35.5354838709677,36.8338709677419,39.8790322580645,41.5564516129032,42.1822580645161,41.7354838709677,41.7548387096774,40.4935483870968,38.4145161290323,36.5838709677419,35.4951612903226,34.3822580645161,33.0838709677419,35.0032930107527,44.1,26.6,32.5153225806452,31.7643548387097,31.036935483871,30.5537096774194,30.0617741935484,29.538064516129,29.3787096774194,31.7908064516129,32.3564516129032,33.9829032258065,35.0046774193548,35.9677419354839,37.1511290322581,40.5691935483871,42.2227419354839,42.6027419354839,41.6503225806452,41.4788709677419,39.9832258064516,37.7433870967742,36.0945161290323,35.1722580645161,34.3453225806452,33.1946774193548,35.2556258411844,43.59,27.091
"H17",0.451934,"RH",33.40938,-111.93249,0.076633999525104,78125,0.0364730878186969,0.308073654390935,0.327195467422096,0.254249291784703,0.0740084985835694,0,0,0,0,0,0,0,0,48.65653951,49.01723616,0.360696647,48.84776977,31.358064516129,30.5274193548387,29.9306451612903,29.4225806451613,28.6887096774194,28.0758064516129,28.7693548387097,30.5838709677419,32.6241935483871,34.0596774193548,35.5838709677419,37.7693548387097,40.7451612903226,40.4629032258064,40.4951612903226,40.7935483870968,41.7774193548387,40.4709677419355,39.7532258064516,38.7129032258064,36.0596774193548,34.7048387096774,33.5435483870968,32.2451612903226,34.8815860215054,43.6,25.6,31.6956451612903,30.8667741935484,30.2709677419355,29.7964516129032,29.1945161290323,28.6601612903226,29.3372580645161,31.2411290322581,33.278064516129,34.6279032258064,36.0667741935484,38.3825806451613,41.3467741935484,40.7129032258064,40.3911290322581,40.4840322580645,41.4054838709677,39.8275806451613,39.0158064516129,38.0011290322581,35.4711290322581,34.3309677419355,33.3820967741935,32.2396774193548,35.000134589502,42.9565,25.91
"H18",0.218906,"RH",33.485689,-112.031224,-0.117209387564483,34125,0.176407697790449,0.605488239486814,0.157163221667855,0.0196008553100499,0.0413399857448325,0,0,0,0,0,0,0,0,52.72320198,52.82450847,0.101306491,52.77402976,32.6483870967742,31.9306451612903,31.1564516129032,30.4790322580645,29.9064516129032,29.2290322580645,29.2451612903226,31.608064516129,33.8822580645161,35.4790322580645,37.6,38.5516129032258,39.8096774193548,40.9854838709677,41.6693548387097,42.891935483871,43.5725806451613,43.7612903225806,41.2483870967742,39.6241935483871,37.5838709677419,36.3258064516129,35.0112903225806,33.7451612903226,36.1643817204301,45.6,27.6,32.5796774193548,31.9883870967742,31.1759677419355,30.5537096774194,30.0790322580645,29.5253225806452,29.6162903225806,32.0485483870968,34.4158064516129,35.9382258064516,38.0640322580645,38.7295161290323,39.8706451612903,41.0577419354839,41.3691935483871,42.6009677419355,43.0808064516129,43.0083870967742,40.2653225806452,38.623064516129,36.5885483870968,35.6341935483871,34.601935483871,33.4837096774194,36.0364333781965,44.28,27.457
"H20",0.401294,"RH",33.511797,-112.024624,0.140735040853757,93182,0.0202271114265436,0.363023420865862,0.111426543647977,0.268630234208659,0.236692689850958,0,0,0,0,0,0,0,0,46.44911713,48.89387449,2.444757364,47.61359257,29.9548387096774,29.108064516129,28.6887096774194,28.358064516129,27.9790322580645,27.5516129032258,27.85,29.8983870967742,31.7935483870968,33.3661290322581,36.1161290322581,37.7532258064516,38.8483870967742,40.1177419354839,42.3064516129032,42.2096774193548,43.3774193548387,43.9951612903226,43.5161290322581,38.3403225806452,35.1161290322581,33.2774193548387,31.7935483870968,30.7693548387097,34.6702284946237,46,25.6,30.5583870967742,29.8027419354839,29.4001612903226,28.9332258064516,28.5479032258065,28.1564516129032,28.4879032258065,30.755,32.4666129032258,33.9020967741935,36.7496774193548,38.355,39.1975806451613,40.3625806451613,42.46,42.1856451612903,43.2216129032258,43.2696774193548,42.6448387096774,37.5345161290323,34.831935483871,33.34,32.1293548387097,31.3088709677419,34.940397039031,45.073,25.785
"L01",0.218642,"AirT",33.535396,-112.09454,-0.051295503523291,28871,0.418298326806693,0.427198291206835,0.100035599857601,0.0103239587041652,0.0441438234247063,0,0,0,0,0,0,0,0,51.29978585,51.78510124,0.485315384,51.532035,31.25,30.6129032258065,29.9758064516129,29.4193548387097,28.8225806451613,28.2096774193548,28.0241935483871,32.0967741935484,32.241935483871,33.7983870967742,34.9838709677419,36.1209677419355,37.0564516129032,38.0887096774194,39.0564516129032,39.8064516129032,40.2741935483871,44.7741935483871,38.5403225806452,37.0887096774194,35.1451612903226,34.0725806451613,32.9758064516129,31.9274193548387,34.3484543010753,43,27,NA,NA,NA,NA,NA,NA,NA,NA,NA,NA,NA,NA,NA,NA,NA,NA,NA,NA,NA,NA,NA,NA,NA,NA,NA,NA,NA
"L02",0.180719,"AirT",33.522291,-112.103981,-0.069244894331375,50099,0.0948153409090909,0.569602272727273,0.300426136363636,0.0198863636363636,0.0134943181818182,0,0,0,0,0,0,0.00177556818181818,0,53.20842369,53.41729618,0.208872484,53.33788746,32.3467741935484,31.6370967741935,31,30.2822580645161,29.6774193548387,29.0725806451613,28.8790322580645,30.5322580645161,32.8467741935484,35.5967741935484,38.0161290322581,37.8225806451613,37.7822580645161,38.741935483871,40.5967741935484,42.0403225806452,42.3951612903226,42,40.4193548387097,38.8467741935484,36.9193548387097,35.7338709677419,34.3306451612903,33.2258064516129,35.4475806451613,44,27,NA,NA,NA,NA,NA,NA,NA,NA,NA,NA,NA,NA,NA,NA,NA,NA,NA,NA,NA,NA,NA,NA,NA,NA,NA,NA,NA
"L03",0.161078,"AirT",33.45111,-111.97481,-0.053616578446287,30921,0.125621007806955,0.679559971611072,0.0603264726756565,0.122427253371185,0.0120652945351313,0,0,0,0,0,0,0,0,52.70226717,52.87942035,0.177153187,52.79084376,32.7903225806452,32.008064516129,31.3064516129032,30.6854838709677,30.0483870967742,29.5403225806452,29.4354838709677,30.1612903225806,31.508064516129,32.9274193548387,34.7338709677419,36.8467741935484,38.0887096774194,39.491935483871,41.7258064516129,41.3306451612903,41.8387096774194,40.6935483870968,39.4112903225806,38.4677419354839,37.0403225806452,36.0645161290323,34.9596774193548,33.8306451612903,35.2056451612903,43.5,27.5,NA,NA,NA,NA,NA,NA,NA,NA,NA,NA,NA,NA,NA,NA,NA,NA,NA,NA,NA,NA,NA,NA,NA,NA,NA,NA,NA
"L04",0.151333,"AirT",33.45378,-112.0792,-0.109767238705892,21858,0.206321022727273,0.241832386363636,0.527698863636364,0.01171875,0.0124289772727273,0,0,0,0,0,0,0,0,53.63372973,53.77154419,0.137814456,53.70263696,32.9838709677419,32.2903225806452,31.6129032258065,31.008064516129,30.5241935483871,29.8951612903226,29.9596774193548,31.3225806451613,32.8629032258064,34.7822580645161,36.5483870967742,37.7903225806452,38.8467741935484,39.9758064516129,41.5725806451613,42.8790322580645,41.6693548387097,41.5161290322581,40.6774193548387,39.2016129032258,37.2258064516129,36.2177419354839,35.0483870967742,33.758064516129,35.8403897849462,44.5,27.675,NA,NA,NA,NA,NA,NA,NA,NA,NA,NA,NA,NA,NA,NA,NA,NA,NA,NA,NA,NA,NA,NA,NA,NA,NA,NA,NA
"L05",0.157516,"AirT",33.41289,-111.89863,0.003744725294356,17944,0,0.769586894586895,0.0762108262108262,0.108974358974359,0.0452279202279202,0,0,0,0,0,0,0,0,53.46244547,53.60429682,0.141851348,53.53337115,32.0564516129032,31.1370967741935,30.4596774193548,29.9112903225806,29.1451612903226,28.5564516129032,28.6693548387097,30.5967741935484,33.6612903225806,35.6451612903226,38.3387096774194,40.4032258064516,41.3790322580645,42.1612903225806,45.0161290322581,44.5806451612903,43.758064516129,43.2983870967742,41.0403225806452,38.8467741935484,36.6935483870968,35.491935483871,34.1129032258064,32.991935483871,36.1646505376344,47,25.5,NA,NA,NA,NA,NA,NA,NA,NA,NA,NA,NA,NA,NA,NA,NA,NA,NA,NA,NA,NA,NA,NA,NA,NA,NA,NA,NA
"L06",0.17619,"AirT",33.491201,-112.070738,0.015765477440741,30931,0.0916844349680171,0.574626865671642,0.0856432125088842,0.133972992181947,0.11407249466951,0,0,0,0,0,0,0,0,52.16424777,52.81070036,0.646452588,52.52475242,32.6290322580645,32.0564516129032,31.5241935483871,30.8951612903226,30.3629032258065,29.6209677419355,29.4193548387097,30.5241935483871,31.8387096774194,33.3790322580645,34.758064516129,36.6612903225806,37.4274193548387,38.9193548387097,40.7258064516129,40.3548387096774,40.3064516129032,39.9677419354839,38.8709677419355,37.9274193548387,36.1774193548387,35.4596774193548,34.5403225806452,33.4596774193548,34.9086021505376,42.5,27.5,NA,NA,NA,NA,NA,NA,NA,NA,NA,NA,NA,NA,NA,NA,NA,NA,NA,NA,NA,NA,NA,NA,NA,NA,NA,NA,NA
"L07",0.1203,"AirT",33.41418,-111.86696,-0.075326826697379,30481,0,0.323487544483986,0.676512455516014,0,0,0,0,0,0,0,0,0,0,52.44143229,52.75951588,0.318083588,52.61729101,31.9838709677419,31.0887096774194,30.3870967741935,29.8225806451613,29.2338709677419,28.7177419354839,29.5887096774194,31.7903225806452,33.741935483871,36.1854838709677,37.8790322580645,38.7983870967742,41.6048387096774,41.1854838709677,41.9354838709677,44.4193548387097,43.1370967741936,42.3387096774194,40.5241935483871,38.2822580645161,36.6370967741936,35.4354838709677,34,32.8225806451613,35.8975134408602,45.5,26.175,NA,NA,NA,NA,NA,NA,NA,NA,NA,NA,NA,NA,NA,NA,NA,NA,NA,NA,NA,NA,NA,NA,NA,NA,NA,NA,NA
"L08",0.148255,"AirT",33.42044,-111.90476,-0.056658981355598,36127,0.244223249200142,0.548524706718806,0.049057945254177,0.129754710273729,0.00924280127977248,0,0,0,0,0,0.00959829363668681,0.00959829363668681,0,51.93356802,52.26475454,0.331186519,52.09916128,32.6209677419355,31.6612903225806,30.8629032258065,30.2661290322581,29.5967741935484,28.8870967741935,28.758064516129,30.3387096774194,33.6935483870968,36.6451612903226,38.5806451612903,39.1935483870968,39.7983870967742,40.0967741935484,41.1854838709677,41.9435483870968,41.9032258064516,41.2822580645161,39.7258064516129,38.75,36.8790322580645,35.7903225806452,34.5806451612903,33.5,35.6891801075269,44.5,26,NA,NA,NA,NA,NA,NA,NA,NA,NA,NA,NA,NA,NA,NA,NA,NA,NA,NA,NA,NA,NA,NA,NA,NA,NA,NA,NA
"L09",0.147101,"AirT",33.42565,-111.96027,-0.034769047880437,54286,0.390078515346181,0.366167023554604,0.129907209136331,0.110278372591006,0.00356887937187723,0,0,0,0,0,0,0,0,53.39701294,53.63667957,0.239666632,53.52810159,33.1209677419355,32.2661290322581,31.4354838709677,30.6854838709677,30.0887096774194,29.4354838709677,29.7177419354839,31.258064516129,32.8306451612903,34.7822580645161,36.741935483871,38.1935483870968,39.6048387096774,40.7338709677419,42.3145161290323,42.1693548387097,42.1935483870968,41.5403225806452,40.5,38.9758064516129,37.3709677419355,36.3225806451613,35.0725806451613,33.9193548387097,35.8864247311828,45,27,NA,NA,NA,NA,NA,NA,NA,NA,NA,NA,NA,NA,NA,NA,NA,NA,NA,NA,NA,NA,NA,NA,NA,NA,NA,NA,NA
"L10",0.127314,"AirT",33.41542,-111.90533,-0.06493585066507,20854,0.100855310049893,0.604062722736992,0.195652173913043,0.071632216678546,0.0277975766215253,0,0,0,0,0,0,0,0,52.69671229,52.74185478,0.04514249,52.71928354,32.7903225806452,31.9274193548387,31.2741935483871,30.6774193548387,29.9354838709677,29.3306451612903,29.1209677419355,30.3790322580645,32.0967741935484,33.3870967741936,34.8709677419355,36.1370967741936,37.4758064516129,38.8064516129032,39.8387096774194,40.7258064516129,41.491935483871,41.2096774193548,40.2983870967742,38.6048387096774,36.9677419354839,35.9112903225806,34.75,33.5564516129032,35.065188172043,43.5,26,NA,NA,NA,NA,NA,NA,NA,NA,NA,NA,NA,NA,NA,NA,NA,NA,NA,NA,NA,NA,NA,NA,NA,NA,NA,NA,NA
"L11",0.184197,"AirT",33.42464,-111.95361,-0.055446506502543,32784,0.104048295454545,0.639559659090909,0.146661931818182,0.10546875,0.00426136363636364,0,0,0,0,0,0,0,0,52.54582215,52.65456154,0.108739393,52.60019185,32.4193548387097,31.5161290322581,30.758064516129,30.1209677419355,29.4596774193548,28.9274193548387,29.3870967741935,31.8306451612903,34.4516129032258,33.8951612903226,35.1290322580645,36.9838709677419,38.6451612903226,40.2338709677419,43.1129032258064,41.4274193548387,40.9677419354839,40.7338709677419,40.241935483871,39.3064516129032,36.7661290322581,35.6048387096774,34.3709677419355,33.3387096774194,35.4012096774194,44.5,26.5,NA,NA,NA,NA,NA,NA,NA,NA,NA,NA,NA,NA,NA,NA,NA,NA,NA,NA,NA,NA,NA,NA,NA,NA,NA,NA,NA
"L12",0.133197,"AirT",33.426966,-112.046994,-0.11312613112323,33929,0.0731274405395811,0.788782392616258,0.0621228257011005,0.035498757543486,0.040468583599574,0,0,0,0,0,0,0,0,51.48185357,52.12140929,0.639555719,51.87130247,33.241935483871,32.4838709677419,31.8225806451613,31.241935483871,30.7741935483871,30.2338709677419,30.3145161290323,31.7016129032258,32.7903225806452,34,35.3306451612903,37.8629032258064,38.6451612903226,39.491935483871,40.25,40.9112903225806,41.4596774193548,41.6290322580645,42.2016129032258,40.1854838709677,37.2822580645161,36.3145161290323,35.0806451612903,33.9032258064516,35.7980510752688,44.5,28,NA,NA,NA,NA,NA,NA,NA,NA,NA,NA,NA,NA,NA,NA,NA,NA,NA,NA,NA,NA,NA,NA,NA,NA,NA,NA,NA
"L13",0.174307,"AirT",33.42734,-111.95835,0.02549990961692,54286,0.0869719559815406,0.533191338303159,0.0695775647852325,0.225062122825701,0.0851970181043663,0,0,0,0,0,0,0,0,51.15789898,52.20503518,1.047136199,51.75615365,32.8306451612903,31.9032258064516,31.3709677419355,30.7661290322581,30.1774193548387,29.6935483870968,29.6290322580645,31.758064516129,32.25,33.6693548387097,34.6370967741936,35.8709677419355,37.1370967741936,38.5725806451613,39.7016129032258,40.8548387096774,41.1532258064516,41.4112903225806,40.3951612903226,38.1451612903226,36.6854838709677,35.6774193548387,34.5725806451613,33.5806451612903,35.101814516129,43.5,27,NA,NA,NA,NA,NA,NA,NA,NA,NA,NA,NA,NA,NA,NA,NA,NA,NA,NA,NA,NA,NA,NA,NA,NA,NA,NA,NA
"L14",0.188101,"AirT",33.46117,-112.04548,-0.065366048980007,27600,0.0496102055279943,0.311126860382707,0.528703047484054,0.0124025513819986,0.0981573352232459,0,0,0,0,0,0,0,0,52.91135372,53.35498302,0.443629301,53.14480059,32.6290322580645,31.8629032258065,31.2096774193548,30.508064516129,30,29.4435483870968,29.4032258064516,31.3951612903226,32.9516129032258,34.8629032258064,36.491935483871,37.3225806451613,38.0483870967742,39.3306451612903,40.0483870967742,41.3145161290323,41.3790322580645,41.8064516129032,40.5564516129032,38.5564516129032,36.8225806451613,35.9677419354839,34.7016129032258,33.4838709677419,35.4206989247312,44,27.5,NA,NA,NA,NA,NA,NA,NA,NA,NA,NA,NA,NA,NA,NA,NA,NA,NA,NA,NA,NA,NA,NA,NA,NA,NA,NA,NA
"L17",0.110831,"RH",33.447658,-112.02353,-0.089956726581804,22500,0.294389204545455,0.348011363636364,0.296164772727273,0.0479403409090909,0.0134943181818182,0,0,0,0,0,0,0,0,53.6560887,54.32115266,0.665063962,53.97609715,32.5112903225806,31.7451612903226,31.1725806451613,30.591935483871,30.1967741935484,30.8983870967742,32.0838709677419,33.7451612903226,35.4951612903226,37.6,40.4225806451613,42.4790322580645,44.0596774193548,45.0258064516129,45.7983870967742,47.5693548387097,46.6338709677419,42.9951612903226,38.6,37.3983870967742,36.1725806451613,35.0032258064516,34.1645161290323,33.4225806451613,37.3243951612903,49.1,28.1,32.3609677419355,31.6472580645161,31.1824193548387,30.7232258064516,30.3945161290323,31.1574193548387,32.3637096774194,34.1217741935484,35.7888709677419,37.9127419354839,40.9748387096774,42.9359677419355,44.331935483871,45.0066129032258,45.6554838709677,46.9303225806452,45.6258064516129,41.8764516129032,37.6464516129032,36.5958064516129,35.5882258064516,34.5614516129032,33.9345161290323,33.2706451612903,37.1914602960969,47.69,28.61
"L18",0.192178,"RH",33.41398,-111.91252,0.076845724627927,23309,0.186344238975818,0.365576102418208,0.222617354196302,0.177809388335704,0.0476529160739687,0,0,0,0,0,0,0,0,50.08638806,51.38471907,1.298331002,50.75295725,30.7032258064516,30.2112903225806,29.5354838709677,28.8983870967742,28.7854838709677,34.5209677419355,36.9612903225806,38.4645161290323,40.1435483870968,40.4145161290323,41.7241935483871,41.8822580645161,41.9564516129032,41.6129032258064,41.308064516129,40.7790322580645,39.6516129032258,38.5322580645161,36.4209677419355,35.1354838709677,34.0016129032258,32.7645161290323,32.05,31.3806451612903,36.1599462365591,45,26.1,30.7282258064516,30.2698387096774,29.693064516129,29.1916129032258,29.123064516129,35.1124193548387,37.7759677419355,39.4091935483871,41.146935483871,41.218064516129,42.2946774193548,42.1691935483871,41.8085483870968,41.2361290322581,40.6875806451613,40.0245161290323,38.7603225806452,37.7738709677419,35.6485483870968,34.5651612903226,33.7195161290323,32.5477419354839,32.0237096774194,31.3346774193548,36.1834320323015,44.78,26.094
"L19",0.221674,"RH",33.423197,-111.940147,-0.081561080399297,NA,0.38875044499822,0.494482022071912,0.0437878248487006,0.0704877180491278,0.00249199003203987,0,0,0,0,0,0,0,0,51.33482234,51.73574225,0.40091991,51.52583356,32.0677419354839,31.4225806451613,30.7532258064516,30.1161290322581,29.7532258064516,30.7693548387097,32.2048387096774,34.108064516129,35.8903225806452,37.5145161290323,39.0322580645161,42.191935483871,40.7177419354839,40.5629032258065,40.5403225806452,40.55,39.7887096774194,39.0161290322581,37.6725806451613,36.5258064516129,35.6564516129032,34.4870967741936,33.6725806451613,32.85,35.7443548387097,43.5,27.1,31.7264516129032,31.1532258064516,30.5712903225806,30.0698387096774,29.7246774193548,30.8264516129032,32.2406451612903,34.0453225806452,35.7096774193548,37.1916129032258,38.3961290322581,41.2406451612903,39.6651612903226,39.2861290322581,39.1138709677419,39.0074193548387,38.2508064516129,37.5746774193548,36.3396774193548,35.475,34.9198387096774,33.8882258064516,33.2366129032258,32.501935483871,35.0895154777927,41.88,26.778
"L20",0.315495,"RH",33.45265,-112.03988,-0.057661449673908,9223,0,0.0302061122956645,0.9136460554371,0.00461975835110163,0.0515280739161336,0,0,0,0,0,0,0,0,52.32467222,53.45728572,1.1326135,53.04220412,33.0435483870968,32.2854838709677,31.608064516129,30.8661290322581,30.3016129032258,29.7612903225806,29.9548387096774,31.7532258064516,33.4709677419355,35.2209677419355,36.7854838709677,38.4629032258064,39.5274193548387,39.9870967741936,40.9145161290323,40.9951612903226,41.6306451612903,41.5032258064516,40.6645161290323,39.2774193548387,37.1322580645161,36.1564516129032,35.0838709677419,33.8177419354839,35.8418682795699,44.1,27.6,32.7191935483871,32.0648387096774,31.4061290322581,30.7132258064516,30.2682258064516,29.8251612903226,30.0617741935484,31.8717741935484,33.6524193548387,35.48,36.9083870967742,38.4333870967742,39.2729032258065,39.5595161290323,40.211935483871,40.1356451612903,40.6701612903226,40.2961290322581,39.3938709677419,38.0537096774194,36.0703225806452,35.2874193548387,34.4162903225806,33.3259677419355,35.4189098250336,42.2995,27.971
"M01",0.304217,"AirT",33.449109,-112.096667,0.095082452203555,22500,0,0.472192702798441,0.0527807297201559,0.178887708111938,0.296138859369465,0,0,0,0,0,0,0,0,48.18529114,48.1963586,0.01106746,48.19082487,31.491935483871,30.7096774193548,29.9677419354839,29.5564516129032,29.0887096774194,28.5403225806452,28.2096774193548,29.4516129032258,30.758064516129,33.1290322580645,34.6129032258064,35.9354838709677,37.6774193548387,39.4838709677419,39.5806451612903,39.8548387096774,40.2661290322581,39.9435483870968,38.9354838709677,37.2741935483871,34.9516129032258,33.8951612903226,32.9838709677419,31.9435483870968,34.0934139784946,41.5,26.5,NA,NA,NA,NA,NA,NA,NA,NA,NA,NA,NA,NA,NA,NA,NA,NA,NA,NA,NA,NA,NA,NA,NA,NA,NA,NA,NA
"M03",0.268677,"AirT",33.495752,-112.095473,0.004590646296158,32386,0.174083303666785,0.310786756852973,0.30188679245283,0.0886436454254183,0.124599501601994,0,0,0,0,0,0,0,0,50.91518898,51.46091757,0.545728592,51.19683395,33.1370967741936,32.4758064516129,31.8306451612903,31.1370967741935,30.6532258064516,30.1612903225806,30.6935483870968,32.5322580645161,34.1370967741936,35.6129032258064,36.7016129032258,37.7338709677419,38.7016129032258,39.7016129032258,40.6612903225806,40.9274193548387,41.6048387096774,41.4274193548387,40.5967741935484,39.0967741935484,37.25,36.1209677419355,34.991935483871,33.9435483870968,35.9096102150538,43.5,28.5,NA,NA,NA,NA,NA,NA,NA,NA,NA,NA,NA,NA,NA,NA,NA,NA,NA,NA,NA,NA,NA,NA,NA,NA,NA,NA,NA
"M04",0.231743,"AirT",33.43322,-111.85962,-0.012362900584845,77756,0.0212841433132316,0.0996807378503015,0.599148634267471,0.0606598084427102,0.0574671869457254,0,0,0,0,0,0.16175948918056,0,0,49.4890303,50.31799576,0.828965459,49.81082074,31.3790322580645,30.5806451612903,29.9032258064516,29.3145161290323,28.7661290322581,28.1451612903226,27.9032258064516,29.0161290322581,30.7741935483871,32.8387096774194,34.9758064516129,36.4274193548387,37.8709677419355,38.8306451612903,39.3064516129032,39.5241935483871,39.6935483870968,39.6290322580645,39.0241935483871,37.7177419354839,36.0806451612903,34.8870967741936,33.4112903225806,32.4112903225806,34.1004704301075,42.5,25,NA,NA,NA,NA,NA,NA,NA,NA,NA,NA,NA,NA,NA,NA,NA,NA,NA,NA,NA,NA,NA,NA,NA,NA,NA,NA,NA
"M05",0.284701,"AirT",33.45944,-111.98991,-0.06894165810026,34766,0,0.3722004976893,0.481692143618912,0.121222893707785,0.0248844649840028,0,0,0,0,0,0,0,0,53.6049512,53.6909205,0.0859693,53.64727583,32.5,31.7177419354839,30.9677419354839,30.4274193548387,29.9596774193548,29.4112903225806,30.1290322580645,31.9112903225806,33,35.2338709677419,36.2016129032258,37.491935483871,38.7661290322581,39.8387096774194,41.508064516129,41.3387096774194,41.2983870967742,41.5645161290323,40,38.9274193548387,37.0967741935484,36.0161290322581,34.7822580645161,33.5887096774194,35.5698924731183,44,27.5,NA,NA,NA,NA,NA,NA,NA,NA,NA,NA,NA,NA,NA,NA,NA,NA,NA,NA,NA,NA,NA,NA,NA,NA,NA,NA,NA
"M06",0.275058,"AirT",33.41586,-111.94861,0.034185850235051,42156,0.0683030949839915,0.36321593738883,0.31661330487371,0.181430096051227,0.0704375667022412,0,0,0,0,0,0,0,0,50.26628825,51.05709031,0.790802061,50.64397533,32.1209677419355,31.3064516129032,30.491935483871,29.8629032258065,29.1693548387097,28.5483870967742,28.3387096774194,29.8306451612903,33.6451612903226,35.2338709677419,37.0483870967742,38.5241935483871,40.1774193548387,41.7661290322581,42.0725806451613,42.1693548387097,42.0645161290323,41.758064516129,40.2741935483871,38.7822580645161,36.7177419354839,35.4516129032258,34.2903225806452,33.1370967741936,35.5325940860215,45,25.5,NA,NA,NA,NA,NA,NA,NA,NA,NA,NA,NA,NA,NA,NA,NA,NA,NA,NA,NA,NA,NA,NA,NA,NA,NA,NA,NA
"M07",0.22151,"AirT",33.41565,-111.95805,-0.016657320013793,40546,0.0940717074902378,0.393326233581825,0.181043663471778,0.231096911608094,0.0777422790202343,0,0,0,0,0,0,0.022719204827831,0,52.92309805,53.14302927,0.219931213,52.98172131,32.0483870967742,31.2258064516129,30.4838709677419,29.8870967741935,29.3064516129032,28.758064516129,28.5725806451613,31,33.0967741935484,34.3709677419355,35.8306451612903,36.6854838709677,37.6612903225806,38.8225806451613,39.9516129032258,41.0967741935484,41.2096774193548,40.2016129032258,39.0967741935484,37.8225806451613,36.0645161290323,34.9758064516129,33.9516129032258,32.8870967741936,34.792002688172,43,26,NA,NA,NA,NA,NA,NA,NA,NA,NA,NA,NA,NA,NA,NA,NA,NA,NA,NA,NA,NA,NA,NA,NA,NA,NA,NA,NA
"M08",0.213029,"AirT",33.403571,-112.047378,-0.13518335377487,43200,0,0.511743772241993,0.436654804270463,0.0185053380782918,0.0330960854092527,0,0,0,0,0,0,0,0,53.57462371,53.68951442,0.114890715,53.63206906,32.5322580645161,31.6209677419355,31.0403225806452,30.3870967741935,29.7903225806452,29.1693548387097,29.9193548387097,31.8790322580645,33.8387096774194,35.6451612903226,37.4274193548387,39.0564516129032,40.0645161290323,41.3790322580645,41.9677419354839,42.3306451612903,42.5322580645161,42.991935483871,43.3064516129032,40.491935483871,37.3467741935484,35.9516129032258,34.7258064516129,33.4838709677419,36.2032930107527,45.5,27.5,NA,NA,NA,NA,NA,NA,NA,NA,NA,NA,NA,NA,NA,NA,NA,NA,NA,NA,NA,NA,NA,NA,NA,NA,NA,NA,NA
"M09",0.13604,"AirT",33.392056,-111.996774,-0.098710417316279,41193,0.0490753911806543,0.334281650071124,0.226529160739687,0.0615220483641536,0.328591749644381,0,0,0,0,0,0,0,0,55.76302561,56.03094069,0.267915081,55.87495048,32.2338709677419,31.4193548387097,30.7822580645161,30.2258064516129,29.6370967741935,29.2661290322581,29.0564516129032,32.0403225806452,34.3145161290323,35.5725806451613,35.7903225806452,36.8467741935484,37.9758064516129,39.008064516129,39.8790322580645,41.0645161290323,41.6532258064516,42.7661290322581,41.4032258064516,39.3790322580645,36.1774193548387,34.9274193548387,34.2096774193548,33.0322580645161,35.3608870967742,44,27,NA,NA,NA,NA,NA,NA,NA,NA,NA,NA,NA,NA,NA,NA,NA,NA,NA,NA,NA,NA,NA,NA,NA,NA,NA,NA,NA
"M10",0.199307,"AirT",33.494124,-112.1024,-0.123489788862142,40795,0.120199146514936,0.768136557610242,0.017425320056899,0.0736130867709815,0.0206258890469417,0,0,0,0,0,0,0,0,53.66330734,53.76478827,0.101480934,53.70947762,32.5645161290323,31.7741935483871,31.0887096774194,30.4032258064516,29.7822580645161,29.1774193548387,30.7741935483871,33.6129032258064,34.1774193548387,38.1693548387097,38.9112903225806,40.1854838709677,40.8709677419355,41.6129032258064,42.5564516129032,43.2983870967742,44.5564516129032,45.3225806451613,44.5,38.9677419354839,36.9032258064516,35.8387096774194,34.4677419354839,33.3790322580645,36.7872983870968,47,27.5,NA,NA,NA,NA,NA,NA,NA,NA,NA,NA,NA,NA,NA,NA,NA,NA,NA,NA,NA,NA,NA,NA,NA,NA,NA,NA,NA
"M11",0.195201,"AirT",33.454121,-112.07072,0.046426617104852,18924,0.245014245014245,0.533119658119658,0.179487179487179,0.00320512820512821,0.0391737891737892,0,0,0,0,0,0,0,0,49.14912485,49.960316,0.811191152,49.58958683,33.0483870967742,32.3790322580645,31.8387096774194,31.1048387096774,30.6451612903226,29.9758064516129,29.758064516129,30.241935483871,31.3790322580645,32.6854838709677,34.0725806451613,37.991935483871,39.758064516129,40.8467741935484,41.3548387096774,42.1693548387097,42.1129032258064,41.4435483870968,40.4032258064516,38.5887096774194,37,36.0806451612903,35.1290322580645,33.7903225806452,35.5749327956989,44.3249999999999,28,NA,NA,NA,NA,NA,NA,NA,NA,NA,NA,NA,NA,NA,NA,NA,NA,NA,NA,NA,NA,NA,NA,NA,NA,NA,NA,NA
"M13",0.232014,"AirT",33.503911,-112.099195,0.018298690468671,25273,0.138839444642221,0.42185831256675,0.309718761124955,0.0865076539693841,0.0430758276966892,0,0,0,0,0,0,0,0,50.78901337,51.36829558,0.579282212,51.09508952,32.7338709677419,31.9112903225806,31.2016129032258,30.4032258064516,29.8145161290323,29.2016129032258,29.0483870967742,31.9677419354839,33.4435483870968,35.5322580645161,36.9354838709677,37.75,38.5645161290323,40.0161290322581,40.6129032258064,40.7741935483871,42.0887096774194,43.2661290322581,42.2258064516129,39.1854838709677,37.2822580645161,36.0322580645161,34.6532258064516,33.5725806451613,35.7590725806452,45,27,NA,NA,NA,NA,NA,NA,NA,NA,NA,NA,NA,NA,NA,NA,NA,NA,NA,NA,NA,NA,NA,NA,NA,NA,NA,NA,NA
"M14",0.184036,"AirT",33.477961,-112.065687,0.061619458661364,57083,0.0597652081109925,0.404482390608324,0.289576663109214,0.146567057986482,0.0996086801849875,0,0,0,0,0,0,0,0,50.99052369,51.37546863,0.38494494,51.18299616,32.8709677419355,32.0241935483871,31.3306451612903,30.6774193548387,30.0161290322581,29.3709677419355,29.5645161290323,30.9758064516129,33.1854838709677,35.3629032258064,37.1290322580645,38.4032258064516,39.6774193548387,40.9274193548387,42.3064516129032,42.1129032258064,41.8629032258064,41.3870967741936,40.2016129032258,39.0564516129032,37.1854838709677,36.1209677419355,34.9274193548387,33.7258064516129,35.8501344086022,44.5,27.175,NA,NA,NA,NA,NA,NA,NA,NA,NA,NA,NA,NA,NA,NA,NA,NA,NA,NA,NA,NA,NA,NA,NA,NA,NA,NA,NA
"M15",0.177316,"AirT",33.390374,-111.883173,0.116139480167593,51250,0.0145493257629524,0.372249822569198,0.172817601135557,0.233498935415188,0.197303051809794,0,0,0,0,0,0,0.00958126330731015,0,50.4511123,50.56834636,0.117234057,50.52926834,31.3467741935484,30.4435483870968,29.8467741935484,29.3870967741935,28.7903225806452,28.2338709677419,28.1612903225806,29.6774193548387,30.7903225806452,31.5403225806452,33.0483870967742,34.6532258064516,36.2903225806452,37.5241935483871,38.4838709677419,39.1209677419355,39.6774193548387,39.8225806451613,39.1532258064516,37.6048387096774,35.4516129032258,34.2096774193548,33.241935483871,32.008064516129,33.6878360215054,42,25.175,NA,NA,NA,NA,NA,NA,NA,NA,NA,NA,NA,NA,NA,NA,NA,NA,NA,NA,NA,NA,NA,NA,NA,NA,NA,NA,NA
"M17",0.284388,"RH",33.432026,-111.946096,0.04849828480901,37947,0,0.0195590327169275,0.184210526315789,0.0355618776671408,0.584992887624467,0,0,0,0,0.175675675675676,0,0,0,43.31920143,45.90890699,2.589705551,44.68422826,33.1161290322581,32.2935483870968,31.5274193548387,30.9629032258065,30.3338709677419,29.9064516129032,30.3983870967742,33.1483870967742,33.6403225806452,35.0838709677419,37.2048387096774,38.3016129032258,39.4225806451613,40.4467741935484,41.3016129032258,42.7693548387097,42.7774193548387,42.2935483870968,40.2774193548387,38.6725806451613,37.0354838709677,35.9951612903226,34.8258064516129,33.7854838709677,36.063373655914,45.1,28.1,33.2932258064516,32.6367741935484,32.0570967741935,31.5317741935484,30.8633870967742,30.535,31.0325806451613,34.041935483871,34.6227419354839,36.0627419354839,38.241935483871,39.3024193548387,40.2456451612903,40.8972580645161,41.6574193548387,42.8548387096774,42.7487096774194,41.9182258064516,39.7537096774194,38.0008064516129,36.4358064516129,35.7154838709677,34.896935483871,33.9624193548387,36.3870592193809,44.2865,28.13
"M18",0.260775,"RH",33.431809,-111.939713,0.157993840645341,164167,0.0755051400212691,0.00177242112725984,0.372208436724566,0.0577809287486707,0.492733073378235,0,0,0,0,0,0,0,0,43.98230223,45.5845766,1.602274375,44.38848772,33.1806451612903,32.2048387096774,31.5274193548387,30.6887096774194,30.1645161290323,29.6483870967742,29.7048387096774,30.7048387096774,32.2854838709677,34.0516129032258,35.2612903225806,36.9387096774194,37.85,39.3258064516129,39.841935483871,40.5516129032258,40.9225806451613,40.4709677419355,39.5193548387097,38.1806451612903,36.8016129032258,35.9709677419355,35.0435483870968,33.8741935483871,35.196438172043,43.6,27.6,33.041935483871,32.1701612903226,31.5158064516129,30.8351612903226,30.3437096774194,29.9924193548387,30.0282258064516,31.1925806451613,32.985,34.8409677419355,36.0135483870968,37.6635483870968,38.405,39.6224193548387,39.8846774193548,40.4466129032258,40.5779032258065,39.8441935483871,38.7040322580645,37.2120967741935,35.821935483871,35.3108064516129,34.5956451612903,33.66,35.1948452220727,42.16,27.2735
"M19",0.230526,"RH",33.495925,-112.093111,0.02087641632664,32386,0.137380191693291,0.420305289314874,0.208377706780263,0.128505502307419,0.105431309904153,0,0,0,0,0,0,0,0,51.55434974,51.8493271,0.294977358,51.63257263,32.8096774193548,32.1,31.2854838709677,30.4709677419355,29.8983870967742,29.2854838709677,29.0758064516129,30.8177419354839,32.3177419354839,34.35,36.4064516129032,37.5677419354839,38.8661290322581,40.2129032258064,43.3774193548387,43.1677419354839,42.1887096774194,42.0596774193548,40.4709677419355,39.2451612903226,37.4951612903226,36.2854838709677,35.1,33.7935483870968,35.7770161290323,45.1,27.1,32.6977419354839,32.1348387096774,31.2624193548387,30.5051612903226,30.0122580645161,29.5482258064516,29.4616129032258,31.2045161290323,32.643064516129,34.6832258064516,36.7746774193548,37.6808064516129,38.8448387096774,40.2491935483871,43.2988709677419,42.6783870967742,41.6356451612903,41.2896774193548,39.6225806451613,38.2845161290323,36.5967741935484,35.5990322580645,34.6204838709677,33.5501612903226,35.6187415881561,43.79,27.3885
"M20",0.241388,"RH",33.41382,-111.90384,-0.043064730544087,17944,0.256309989335229,0.595094205474582,0.0270174191254888,0.0810522573764664,0.0405261286882332,0,0,0,0,0,0,0,0,51.17610849,53.37943864,2.203330145,52.19096666,32.8903225806452,32.1806451612903,31.4790322580645,30.8661290322581,30.1161290322581,29.4387096774194,29.4467741935484,34.2048387096774,33.0677419354839,35.5516129032258,36.0838709677419,37.1241935483871,38.7451612903226,39.6629032258065,40.941935483871,41.3903225806452,41.6903225806452,41.6306451612903,40.4806451612903,38.7209677419355,37.1967741935484,36.1806451612903,34.9064516129032,33.7451612903226,35.739247311828,44.1,26.6,32.6479032258065,31.9741935483871,31.2825806451613,30.7295161290323,30.1309677419355,29.495,29.5466129032258,34.5016129032258,33.1833870967742,35.7345161290323,36.1540322580645,37.055,38.5864516129032,39.2874193548387,40.4245161290323,40.6793548387097,40.8004838709677,40.5620967741935,39.3506451612903,37.6541935483871,36.1756451612903,35.5306451612903,34.4443548387097,33.4374193548387,35.3895491251682,42.513,26.788
"VH01",0.448851,"AirT",33.529595,-112.092717,0.187666248098389,63482,0.0460829493087558,0.382488479262673,0.180077986529599,0.053881602268699,0.337468982630273,0,0,0,0,0,0,0,0,46.32948723,46.93515145,0.60566422,46.61246204,30.3306451612903,29.4838709677419,28.8387096774194,28.2016129032258,27.6290322580645,26.991935483871,26.8709677419355,29.0645161290323,31.5967741935484,34.5806451612903,35.5725806451613,36.4032258064516,37.2258064516129,38.3467741935484,40.4677419354839,40.1532258064516,41,40.2903225806452,40.9758064516129,36.8951612903226,34.3467741935484,33.2096774193548,31.9838709677419,31.2338709677419,33.820564516129,43,25,NA,NA,NA,NA,NA,NA,NA,NA,NA,NA,NA,NA,NA,NA,NA,NA,NA,NA,NA,NA,NA,NA,NA,NA,NA,NA,NA
"VH02",0.451131,"AirT",33.558404,-112.090526,0.241086113064352,118750,0,0.0400851365732529,0.589216034054629,0.177722596665484,0.110677545228805,0.082298687477829,0,0,0,0,0,0,0,42.89178444,43.09608838,0.204303942,42.99393641,26.8951612903226,26.9112903225806,26.4758064516129,25.9516129032258,25.3467741935484,24.758064516129,25.1451612903226,27.5967741935484,30.0967741935484,32.1209677419355,33.4435483870968,34.8387096774194,36.1370967741936,37.5,38.7096774193548,39.5,39.8870967741936,39.9354838709677,38.9677419354839,37.0322580645161,35.0403225806452,33.6290322580645,32.491935483871,27.2338709677419,32.3185483870968,41.5,22.5,NA,NA,NA,NA,NA,NA,NA,NA,NA,NA,NA,NA,NA,NA,NA,NA,NA,NA,NA,NA,NA,NA,NA,NA,NA,NA,NA
"VH03",0.501718,"AirT",33.43267,-111.87744,0.10325440466908,40262,0,0.08984375,0.561789772727273,0.227982954545455,0.120383522727273,0,0,0,0,0,0,0,0,46.15513027,49.54580531,3.390675042,47.91595622,31.1774193548387,30.3145161290323,29.6935483870968,29.3387096774194,28.241935483871,26.491935483871,27.1854838709677,31.2822580645161,33.1854838709677,35.8225806451613,37.3306451612903,37.5,38.1693548387097,39,39.8951612903226,41.5564516129032,41.8064516129032,40.8548387096774,39.8306451612903,37.8629032258064,35.9193548387097,34.9032258064516,33.3387096774194,32.4193548387097,34.713373655914,43.5,25,NA,NA,NA,NA,NA,NA,NA,NA,NA,NA,NA,NA,NA,NA,NA,NA,NA,NA,NA,NA,NA,NA,NA,NA,NA,NA,NA
"VH04",0.486417,"AirT",33.519712,-112.017407,0.274472868600677,93182,0.0903593027392387,0.0227676983279972,0.281038776236215,0.220206332266097,0.385627890430452,0,0,0,0,0,0,0,0,42.61999606,42.62651014,0.00651408,42.6232531,30.4032258064516,29.7661290322581,29.4596774193548,28.8548387096774,28.3790322580645,27.9193548387097,29.3467741935484,34.8064516129032,35.491935483871,35.6854838709677,37.1290322580645,37.4354838709677,37.3629032258064,38.25,39.008064516129,39.7258064516129,40.2338709677419,40.5241935483871,38.75,36.8870967741936,34.0806451612903,32.9516129032258,31.8790322580645,31.0806451612903,34.3921370967742,42,26,NA,NA,NA,NA,NA,NA,NA,NA,NA,NA,NA,NA,NA,NA,NA,NA,NA,NA,NA,NA,NA,NA,NA,NA,NA,NA,NA
"VH05",0.360818,"AirT",33.523357,-112.075902,0.188348782171549,78125,0.0181365576102418,0.289473684210526,0.278805120910384,0.137980085348506,0.275604551920341,0,0,0,0,0,0,0,0,46.63084689,47.68932757,1.058480681,47.20480496,30.6129032258065,29.8225806451613,29.1612903225806,28.4758064516129,27.9838709677419,27.4516129032258,27.4758064516129,30.8387096774194,32.7096774193548,34.6048387096774,35.6774193548387,37.1854838709677,37.9274193548387,39,40.4193548387097,41.5645161290323,42.4596774193548,42.1693548387097,38.6854838709677,36.8225806451613,34.7016129032258,33.6290322580645,32.4112903225806,31.5161290322581,34.304435483871,43.5,26,NA,NA,NA,NA,NA,NA,NA,NA,NA,NA,NA,NA,NA,NA,NA,NA,NA,NA,NA,NA,NA,NA,NA,NA,NA,NA,NA
"VH06",0.420837,"AirT",33.497727,-112.087055,0.162723358072866,42390,0.0982617949627528,0.357573607662292,0.0883291947499113,0.222064561901383,0.233770840723661,0,0,0,0,0,0,0,0,46.78549226,47.35021638,0.564724121,47.01360797,30.9274193548387,30.258064516129,29.6451612903226,29,28.5161290322581,27.9838709677419,27.6612903225806,29.0161290322581,30.4516129032258,32.7258064516129,34.0645161290323,35.9435483870968,36.3790322580645,37.5806451612903,38.6290322580645,39.5483870967742,39.9758064516129,40.258064516129,37.5483870967742,36.1129032258064,34.5887096774194,33.5806451612903,32.6209677419355,31.6935483870968,33.5295698924731,41.5,26,NA,NA,NA,NA,NA,NA,NA,NA,NA,NA,NA,NA,NA,NA,NA,NA,NA,NA,NA,NA,NA,NA,NA,NA,NA,NA,NA
"VH07",0.597074,"AirT",33.477158,-112.092388,0.262261578525894,74509,0,0.0266714082503556,0.168207681365576,0.409317211948791,0.395803698435277,0,0,0,0,0,0,0,0,44.51457188,45.36675255,0.85218067,45.08269233,30.8790322580645,30.25,29.6451612903226,29.1209677419355,28.5564516129032,27.9032258064516,28,29.5967741935484,30.9516129032258,32.8951612903226,34.4354838709677,35.6370967741936,36.7903225806452,37.7822580645161,38.6854838709677,39.0806451612903,39.4435483870968,39.3548387096774,38.5725806451613,37.2822580645161,34.9193548387097,33.6774193548387,32.5,31.3709677419355,33.6387768817204,41.5,26,NA,NA,NA,NA,NA,NA,NA,NA,NA,NA,NA,NA,NA,NA,NA,NA,NA,NA,NA,NA,NA,NA,NA,NA,NA,NA,NA
"VH08",0.408362,"AirT",33.388368,-111.852545,0.354610310905055,26577,0,0.0131438721136767,0.734991119005329,0.141385435168739,0.110479573712256,0,0,0,0,0,0,0,0,45.55180569,47.85546379,2.303658105,46.70748623,30.6612903225806,29.8709677419355,29.241935483871,28.8951612903226,28.2661290322581,27.9193548387097,27.9516129032258,29.0322580645161,30.8548387096774,32.8306451612903,34.0967741935484,35.1290322580645,36.1129032258064,37.3064516129032,38.5645161290323,39.8225806451613,41.5322580645161,42.8548387096774,38.4596774193548,36.9193548387097,34.8870967741936,33.6935483870968,32.4274193548387,31.3145161290323,33.6935483870968,43,25.5,NA,NA,NA,NA,NA,NA,NA,NA,NA,NA,NA,NA,NA,NA,NA,NA,NA,NA,NA,NA,NA,NA,NA,NA,NA,NA,NA
"VH09",0.284163,"AirT",33.417044,-111.937525,0.333950307539049,NA,0,0.0206699928724163,0.14183891660727,0.457234497505346,0.380256593014968,0,0,0,0,0,0,0,0,47.63733003,48.09824628,0.460916246,47.87024795,31.1451612903226,30.2661290322581,29.5483870967742,29,28.4758064516129,27.991935483871,28.1209677419355,30.2016129032258,32.1693548387097,36.8548387096774,35.7258064516129,37.1129032258064,38.0967741935484,38.9758064516129,39.8467741935484,40.5322580645161,41.6693548387097,39.9758064516129,39.4516129032258,37.491935483871,35.4112903225806,34.1774193548387,33.0241935483871,32.0322580645161,34.4707661290323,43.5,25.5,NA,NA,NA,NA,NA,NA,NA,NA,NA,NA,NA,NA,NA,NA,NA,NA,NA,NA,NA,NA,NA,NA,NA,NA,NA,NA,NA
"VH10",0.39277,"AirT",33.4587,-111.956882,0.035746888971087,40246,0,0,0.674955595026643,0.0351687388987567,0.200355239786856,0.0895204262877442,0,0,0,0,0,0,0,48.95934314,50.54339128,1.584048135,49.81328832,31.4596774193548,30.9435483870968,30.3225806451613,29.8064516129032,29.0241935483871,28.5645161290323,29.0725806451613,32.2822580645161,33.991935483871,36.1854838709677,37.75,38.8629032258064,39.9274193548387,40.8870967741936,41.5241935483871,41.5645161290323,42.6774193548387,42.6693548387097,40.7338709677419,38.6612903225806,35.9112903225806,34.6774193548387,33.5241935483871,32.5806451612903,35.5668682795699,44.5,26.5,NA,NA,NA,NA,NA,NA,NA,NA,NA,NA,NA,NA,NA,NA,NA,NA,NA,NA,NA,NA,NA,NA,NA,NA,NA,NA,NA
"VH15",0.462031,"AirT",33.4297,-111.88789,0.262094187981759,40262,0,0.00319943121222894,0.242801279772485,0.478137220049769,0.275862068965517,0,0,0,0,0,0,0,0,48.41958191,49.97693598,1.557354064,48.93869993,29.5241935483871,27.9112903225806,27.6451612903226,26.7903225806452,26.8709677419355,27.0403225806452,27.0806451612903,28.6774193548387,31.3064516129032,34.8870967741936,35.9354838709677,38.0241935483871,39.3064516129032,40.2258064516129,40.5161290322581,40.9838709677419,41.008064516129,40.3467741935484,38.4516129032258,37.1048387096774,35.2661290322581,34.1129032258064,33.0564516129032,31.7016129032258,33.9072580645161,43,23.5,NA,NA,NA,NA,NA,NA,NA,NA,NA,NA,NA,NA,NA,NA,NA,NA,NA,NA,NA,NA,NA,NA,NA,NA,NA,NA,NA
"VH16",0.360927,"RH",33.45836,-112.04027,0.110717527261414,9223,0,0.0617678381256656,0.352857649982251,0.0440184593539226,0.541356052538161,0,0,0,0,0,0,0,0,49.36546539,50.29015992,0.924694533,49.90128443,32.7451612903226,31.9629032258065,31.2209677419355,30.6806451612903,30.091935483871,29.5838709677419,29.5274193548387,31.2048387096774,33.108064516129,34.7532258064516,36.0677419354839,37.2758064516129,38.7322580645161,41.2532258064516,41.158064516129,40.3983870967742,40.6774193548387,40.7161290322581,39.4967741935484,38.2612903225806,36.7048387096774,35.6806451612903,34.6,33.5112903225806,35.3922043010753,43,27.6,32.6383870967742,31.9162903225806,31.2088709677419,30.7074193548387,30.2409677419355,29.8072580645161,29.9062903225806,31.6948387096774,33.7054838709677,35.4962903225806,36.7935483870968,37.8237096774194,39.2559677419355,41.9683870967742,41.3504838709677,40.425,40.5433870967742,40.1767741935484,38.8158064516129,37.43,35.9496774193548,35.0587096774194,34.2154838709677,33.1722580645161,35.4304374158816,42.7065,27.7235
"VH17",0.196352,"RH",33.524938,-112.0853,0.096327662956579,75859,0.204059829059829,0.43482905982906,0.0687321937321937,0.0943732193732194,0.198005698005698,0,0,0,0,0,0,0,0,50.14264499,50.73375768,0.591112694,50.44507384,31.8338709677419,31.0354838709677,30.3338709677419,29.7129032258065,29.1322580645161,28.4145161290323,28.4306451612903,30.8096774193548,33.0274193548387,34.6725806451613,35.8177419354839,36.9467741935484,37.9306451612903,38.9629032258064,40.1,40.8016129032258,42.2370967741936,41.9387096774194,39.9709677419355,38.0354838709677,36.0112903225806,34.9145161290323,33.7370967741936,32.7209677419355,34.8970430107527,43.6,26.6,31.8983870967742,31.2017741935484,30.5011290322581,29.9551612903226,29.4559677419355,29.0120967741935,29.0429032258065,31.6417741935484,33.9498387096774,35.5938709677419,36.5967741935484,37.4838709677419,38.2303225806452,39.0798387096774,40.0372580645161,40.4816129032258,NA,41.1191935483871,38.9788709677419,36.9225806451613,35.1341935483871,34.2675806451613,33.3859677419355,32.6016129032258,34.9270390309556,42.394,26.97
"VH18",0.641383,"RH",33.477198,-112.087309,0.178144073540196,74509,0,0,0.358718861209964,0.173665480427046,0.467615658362989,0,0,0,0,0,0,0,0,42.07837806,42.29988391,0.221505849,42.20475536,29.8258064516129,30.1161290322581,29.9951612903226,30.8661290322581,30.9548387096774,31.35,32.3822580645161,34.0193548387097,35.4548387096774,36.2612903225806,37.3,38.3145161290323,39.1354838709677,40.158064516129,40.6967741935484,39.4612903225806,39.0774193548387,38.0983870967742,37.2,34.8403225806452,34.0048387096774,32.8258064516129,31.2935483870968,28.8903225806452,34.6884408602151,44.5,25.6,30.2582258064516,30.5332258064516,30.3070967741935,31.5045161290323,31.7337096774194,32.2541935483871,33.0803225806452,34.9041935483871,36.086935483871,36.861935483871,37.7853225806452,38.7790322580645,39.4554838709677,40.4958064516129,40.7854838709677,39.1853225806452,38.9037096774194,38.0141935483871,36.8874193548387,34.33,33.7053225806452,32.8398387096774,31.8896774193548,29.6295161290323,35.0071668909825,44.2165,26.131
"VH20",0.131955,"RH",33.490238,-111.95732,0.051396818800676,90197,0,0.416696269982238,0.197868561278863,0.147424511545293,0.238010657193606,0,0,0,0,0,0,0,0,47.0386455,48.1232086,1.084563103,47.69438822,31.508064516129,30.908064516129,30.2145161290323,28.3483870967742,28.3790322580645,26.7483870967742,24.3790322580645,26.8725806451613,30.4838709677419,32.8790322580645,34.1758064516129,35.8451612903226,37.2306451612903,38.5177419354839,39.6870967741935,40.558064516129,41.2516129032258,41.3822580645161,41.0725806451613,38.8983870967742,35.4822580645161,34.1096774193548,32.9935483870968,32.1677419354839,33.920564516129,43.5,24.1,31.8445161290323,31.2695161290323,30.6291935483871,28.9470967741935,29.0098387096774,27.5711290322581,25.3543548387097,28.5096774193548,32.36,34.083064516129,35.033064516129,36.5203225806452,37.7035483870968,38.8691935483871,39.7690322580645,40.4037096774194,40.938064516129,40.8933870967742,40.6211290322581,38.3472580645161,34.9548387096774,33.9804838709677,33.1120967741935,32.376935483871,34.2940780619112,42.67,25.18
"VL01",0.135504,"AirT",33.41445,-111.89031,-0.037405905349716,28994,0.0560283687943262,0.460283687943262,0.434042553191489,0.0390070921985816,0.0106382978723404,0,0,0,0,0,0,0,0,52.11892375,52.19165963,0.072735887,52.15529169,33.1774193548387,32.3709677419355,31.6048387096774,30.9274193548387,30.2741935483871,29.6612903225806,29.5564516129032,30.758064516129,32.5322580645161,34,35.9032258064516,37.2903225806452,39.0241935483871,40.0725806451613,40.8629032258064,41.1854838709677,41.2822580645161,41.5725806451613,39.9677419354839,38.9596774193548,37.5483870967742,36.5806451612903,35.241935483871,34.1129032258064,35.6028225806452,44,27,NA,NA,NA,NA,NA,NA,NA,NA,NA,NA,NA,NA,NA,NA,NA,NA,NA,NA,NA,NA,NA,NA,NA,NA,NA,NA,NA
"VL02",0.097067,"AirT",33.45128,-112.05466,-0.154256134848673,26031,0,0.906216696269982,0.0934280639431616,0.000355239786856128,0,0,0,0,0,0,0,0,0,54.14148573,54.15302431,0.011538582,54.14725502,33.8709677419355,33.1854838709677,32.4032258064516,31.7338709677419,31.1854838709677,30.5241935483871,30.2822580645161,31.0887096774194,32.4435483870968,34.1451612903226,35.6854838709677,37.2741935483871,38.7177419354839,39.758064516129,40.9112903225806,41.4516129032258,41.8225806451613,41.7258064516129,40.8790322580645,39.991935483871,38.258064516129,37.3709677419355,36.1370967741936,34.8467741935484,36.070564516129,44,28.5,NA,NA,NA,NA,NA,NA,NA,NA,NA,NA,NA,NA,NA,NA,NA,NA,NA,NA,NA,NA,NA,NA,NA,NA,NA,NA,NA
"VL03",0.103093,"AirT",33.411378,-111.841898,-0.119826254055937,37734,0.05863539445629,0.841862117981521,0.0170575692963753,0.0373134328358209,0.0451314854299929,0,0,0,0,0,0,0,0,52.79059222,53.38430738,0.593715153,53.12876275,32.4274193548387,31.6290322580645,30.9596774193548,30.3064516129032,29.758064516129,29.258064516129,29.4758064516129,31.7661290322581,33.3387096774194,35.3870967741936,36.3790322580645,37.3629032258064,38.3064516129032,39.258064516129,40.0403225806452,40.6209677419355,41.258064516129,40.4758064516129,39.25,37.9435483870968,36.4516129032258,35.3306451612903,34.2983870967742,33.1209677419355,35.1834677419355,43.3249999999999,27,NA,NA,NA,NA,NA,NA,NA,NA,NA,NA,NA,NA,NA,NA,NA,NA,NA,NA,NA,NA,NA,NA,NA,NA,NA,NA,NA
"VL04",0.168246,"AirT",33.497825,-112.104002,-0.068805529913021,13963,0.236402417348027,0.540348382509776,0.0831852115179524,0.0671880554568077,0.0728759331674369,0,0,0,0,0,0,0,0,52.06142208,52.93600989,0.87458781,52.5015345,33.3387096774194,32.6048387096774,31.9354838709677,31.2741935483871,30.6854838709677,30.0967741935484,30.0403225806452,32.0887096774194,33.4596774193548,34.7661290322581,35.9516129032258,37.008064516129,38.1532258064516,39.5806451612903,41.1451612903226,42.1935483870968,43.0483870967742,42.6451612903226,41.241935483871,39.3629032258064,37.4516129032258,36.4032258064516,35.2177419354839,34.0967741935484,35.9912634408602,45,28,NA,NA,NA,NA,NA,NA,NA,NA,NA,NA,NA,NA,NA,NA,NA,NA,NA,NA,NA,NA,NA,NA,NA,NA,NA,NA,NA
"VL05",0.110011,"AirT",33.48796,-112.078922,-0.109213426330064,40683,0.15133214920071,0.673534635879218,0.0927175843694494,0.072113676731794,0.0103019538188277,0,0,0,0,0,0,0,0,50.97209964,51.48205392,0.509954283,51.14801126,33.1129032258064,32.4516129032258,31.7983870967742,31.1451612903226,30.5725806451613,29.8709677419355,29.5241935483871,30.0483870967742,31.2096774193548,32.6935483870968,33.9354838709677,35.3629032258064,36.7822580645161,38.8387096774194,40.1209677419355,40.9354838709677,41.6451612903226,42.0645161290323,40.8548387096774,39.3709677419355,37.5483870967742,36.4758064516129,35.3145161290323,34.0322580645161,35.2379032258064,43.5,27.5,NA,NA,NA,NA,NA,NA,NA,NA,NA,NA,NA,NA,NA,NA,NA,NA,NA,NA,NA,NA,NA,NA,NA,NA,NA,NA,NA
"VL06",0.092111,"AirT",33.383761,-111.824866,-0.159439329839832,47786,0,0.918143160878809,0.0584691708008505,0.0155917788802268,0.00779588944011339,0,0,0,0,0,0,0,0,53.33627547,53.67581753,0.339542066,53.5060465,32.3467741935484,31.4112903225806,30.6693548387097,30.0322580645161,29.5241935483871,29,28.9838709677419,32.3951612903226,32.4596774193548,33.8225806451613,35.7258064516129,37.1693548387097,38.491935483871,39.7177419354839,40.6370967741936,43.008064516129,43.9677419354839,40.9677419354839,39.5403225806452,38.5887096774194,36.9112903225806,35.6209677419355,34.3951612903226,33.0564516129032,35.351814516129,45.3249999999999,26.5,NA,NA,NA,NA,NA,NA,NA,NA,NA,NA,NA,NA,NA,NA,NA,NA,NA,NA,NA,NA,NA,NA,NA,NA,NA,NA,NA
"VL07",0.185772,"AirT",33.405063,-111.875938,-0.154248938538978,24109,0.333096338428724,0.471027372911482,0.0646996089584074,0.108069676501955,0.0231070031994312,0,0,0,0,0,0,0,0,51.76620498,52.68876956,0.922564583,52.22748727,33.1935483870968,32.508064516129,31.7822580645161,31.1693548387097,30.6048387096774,30.0241935483871,30.0241935483871,30.9758064516129,34.4112903225806,39.0161290322581,39.5564516129032,38.1209677419355,38.5161290322581,39.3629032258064,40.7822580645161,42.75,44.2016129032258,45.7983870967742,40.241935483871,38.5241935483871,36.9838709677419,35.9596774193548,34.8790322580645,33.8467741935484,36.3847446236559,46,27.5,NA,NA,NA,NA,NA,NA,NA,NA,NA,NA,NA,NA,NA,NA,NA,NA,NA,NA,NA,NA,NA,NA,NA,NA,NA,NA,NA
"VL08",0.105614,"AirT",33.42094,-111.9154,-0.1490691614261,24333,0.167675329298683,0.807404770380919,0.0092559629761481,0.0156639373442506,0,0,0,0,0,0,0,0,0,51.49688151,52.30289218,0.806010667,51.88171499,32.5725806451613,31.508064516129,30.75,30.1370967741935,29.4516129032258,28.9193548387097,28.7741935483871,30.1935483870968,31.9032258064516,34.7822580645161,35.6451612903226,37.4354838709677,38.6451612903226,40.1048387096774,40.9758064516129,41.6048387096774,41.8548387096774,41.1774193548387,39.8467741935484,38.2741935483871,36.8387096774194,35.8145161290323,34.6935483870968,33.5806451612903,35.2284946236559,44,26,NA,NA,NA,NA,NA,NA,NA,NA,NA,NA,NA,NA,NA,NA,NA,NA,NA,NA,NA,NA,NA,NA,NA,NA,NA,NA,NA
"VL09",0.106146,"AirT",33.44807,-112.06905,-0.049352007287266,69063,0.395811146609869,0.33013844515442,0.143059992900248,0.0642527511537096,0.0667376641817536,0,0,0,0,0,0,0,0,50.52576143,51.37363166,0.847870231,50.94838391,33.4274193548387,32.741935483871,32.0967741935484,31.4596774193548,30.9193548387097,30.3064516129032,30.1290322580645,31.1935483870968,33.7822580645161,35.258064516129,36.8145161290323,38.3629032258064,39.5645161290323,41.1209677419355,42.75,42.1854838709677,42.9758064516129,42.2338709677419,40.7177419354839,38.6854838709677,37.1451612903226,36.241935483871,35.2822580645161,34.0564516129032,36.2271505376344,45,28.5,NA,NA,NA,NA,NA,NA,NA,NA,NA,NA,NA,NA,NA,NA,NA,NA,NA,NA,NA,NA,NA,NA,NA,NA,NA,NA,NA
"VL10",0.093223,"AirT",33.4515,-112.03806,-0.119521919081556,9223,0,0.532200990799717,0.347133757961783,0.112172682236376,0.00849256900212314,0,0,0,0,0,0,0,0,51.66197184,52.87481542,1.212843584,52.26906548,33.1048387096774,32.4516129032258,31.7983870967742,31.1451612903226,30.6451612903226,30.1048387096774,30.0564516129032,32.3709677419355,33.4354838709677,35.9516129032258,36.5725806451613,37.4677419354839,38.9596774193548,41.3225806451613,40.3870967741936,40.7016129032258,41.0241935483871,40.9274193548387,40.0403225806452,38.5887096774194,36.9758064516129,36.0887096774194,35.0322580645161,33.7903225806452,35.789314516129,43.5,28,NA,NA,NA,NA,NA,NA,NA,NA,NA,NA,NA,NA,NA,NA,NA,NA,NA,NA,NA,NA,NA,NA,NA,NA,NA,NA,NA
"VL11",0.16454,"AirT",33.445242,-112.008531,-0.116533154897693,40854,0.153354632587859,0.766418175363862,0,0.0713525026624068,0.00887468938587149,0,0,0,0,0,0,0,0,53.86693135,54.09127362,0.224342268,53.97844316,33.6129032258064,32.8064516129032,31.9758064516129,31.3064516129032,30.7177419354839,30.2258064516129,30.4354838709677,33,33.8548387096774,34.4274193548387,35.6451612903226,36.8709677419355,38.2258064516129,39.4354838709677,40.6451612903226,41.5564516129032,41.3306451612903,41.0645161290323,40.008064516129,38.991935483871,37.4838709677419,36.7096774193548,35.6129032258064,34.4516129032258,35.8497983870968,43.5,28.5,NA,NA,NA,NA,NA,NA,NA,NA,NA,NA,NA,NA,NA,NA,NA,NA,NA,NA,NA,NA,NA,NA,NA,NA,NA,NA,NA
"VL12",0.089027,"AirT",33.409341,-111.867846,-0.063151944953457,30481,0,0.524012806830309,0.452152258982569,0.00498043400924938,0.0188545001778726,0,0,0,0,0,0,0,0,51.43651496,52.19526268,0.758747721,51.81403934,32.991935483871,32.1935483870968,31.4596774193548,30.7822580645161,30.2338709677419,29.5645161290323,29.4435483870968,30.0322580645161,32.2983870967742,34.2741935483871,36.0403225806452,37.3225806451613,38.3629032258064,39.2903225806452,40.3790322580645,41.1693548387097,41.741935483871,42.4354838709677,40.7096774193548,39.0322580645161,37.2983870967742,36.1693548387097,34.9516129032258,33.8467741935484,35.5010080645161,44.5,26.5,NA,NA,NA,NA,NA,NA,NA,NA,NA,NA,NA,NA,NA,NA,NA,NA,NA,NA,NA,NA,NA,NA,NA,NA,NA,NA,NA
"VL13",0.104234,"AirT",33.509696,-112.10096,-0.102159391958977,34605,0,0.919005328596803,0,0.0785079928952043,0.0024866785079929,0,0,0,0,0,0,0,0,51.86955443,52.28020627,0.41065184,52.07638536,33.4516129032258,32.6935483870968,31.9516129032258,31.2338709677419,30.7258064516129,30.0887096774194,29.9193548387097,30.991935483871,32.3629032258064,34.0564516129032,35.6532258064516,36.8870967741936,38.1693548387097,39.9193548387097,40.508064516129,40.9677419354839,41.4677419354839,41.2741935483871,40.491935483871,38.9758064516129,37.8225806451613,36.8306451612903,35.491935483871,34.4354838709677,35.682123655914,43.5,27.675,NA,NA,NA,NA,NA,NA,NA,NA,NA,NA,NA,NA,NA,NA,NA,NA,NA,NA,NA,NA,NA,NA,NA,NA,NA,NA,NA
"VL15",0.128464,"AirT",33.40642,-111.92264,-0.101025458737508,56667,0,0.78022759601707,0.0661450924608819,0.140825035561878,0.0128022759601707,0,0,0,0,0,0,0,0,52.43522281,53.36151939,0.92629658,52.89230858,32.0887096774194,31.3951612903226,30.5725806451613,30.0322580645161,29.3064516129032,28.6290322580645,30.1612903225806,32.7177419354839,34.9112903225806,35.0403225806452,36.5564516129032,39.1451612903226,40.0241935483871,40.6451612903226,41.5887096774194,42.491935483871,43.0161290322581,42.4838709677419,41.2177419354839,38.258064516129,36.2741935483871,35.1451612903226,33.9758064516129,32.8225806451613,35.7708333333333,46,26,NA,NA,NA,NA,NA,NA,NA,NA,NA,NA,NA,NA,NA,NA,NA,NA,NA,NA,NA,NA,NA,NA,NA,NA,NA,NA,NA
"VL17",0.180797,"RH",33.45747,-111.98735,-0.106947855908955,22342,0,0.397226173541963,0.565789473684211,0.0117354196301565,0.02524893314367,0,0,0,0,0,0,0,0,53.70094346,54.39597594,0.695032476,54.10858247,33.3983870967742,32.7451612903226,31.9629032258065,31.4387096774194,30.8903225806452,30.4870967741935,30.4951612903226,36.5838709677419,39.2612903225806,42.0274193548387,38.1,38.1967741935484,39.0758064516129,40.5112903225806,42.5354838709677,42.5838709677419,43.7032258064516,42.9790322580645,41.3016129032258,39.7290322580645,37.6564516129032,36.7451612903226,35.6161290322581,34.5112903225806,37.1889784946237,45.6,28.6,33.2470967741936,32.6983870967742,31.9091935483871,31.3838709677419,30.8840322580645,30.5985483870968,30.7227419354839,37.1077419354839,40.0762903225806,43.0770967741935,38.5654838709677,38.3195161290323,38.9616129032258,40.2825806451613,42.0932258064516,41.8698387096774,42.6220967741936,41.8956451612903,40.0956451612903,NA,36.6106451612903,35.8627419354839,35.0591935483871,34.0959677419355,36.9405518169583,44.644,28.68
"VL18",0.047002,"RH",33.43,-112.01,-0.167138984251014,NA,0,1,0,0,0,0,0,0,0,0,0,0,0,53.99074234,54.22721632,0.236473975,54.09216935,33.3096774193548,32.6,31.858064516129,31.0677419354839,30.4709677419355,29.9145161290323,30.4225806451613,32.4870967741936,33.7693548387097,36.3661290322581,38.3338709677419,40.3822580645161,42.4870967741936,42.9225806451613,44.1887096774194,44.5274193548387,44.7048387096774,43.858064516129,42.0758064516129,39.9629032258064,37.7451612903226,36.6483870967742,35.3822580645161,34.2693548387097,37.0731182795699,46.6,27.6,32.9282258064516,32.2261290322581,31.5611290322581,30.87,30.4509677419355,29.9511290322581,30.5327419354839,32.6645161290323,34.0941935483871,36.781935483871,38.8059677419355,40.751935483871,42.5925806451613,42.9008064516129,44.1358064516129,44.0195161290323,44.0785483870968,42.8567741935484,40.8351612903226,38.5533870967742,36.4770967741935,35.6554838709677,34.6798387096774,33.7075806451613,36.7518707940781,45.71,28.168
"VL19",0.093967,"RH",33.44809,-112.0789,-0.125039528355659,69063,0.0813788201847903,0.69225302061123,0.158848614072495,0.0248756218905473,0.0426439232409382,0,0,0,0,0,0,0,0,48.04881814,48.64171357,0.592895429,48.37595132,34.2451612903226,33.5435483870968,33.0677419354839,32.4548387096774,31.9387096774194,31.2370967741935,30.9145161290323,31.0838709677419,32.2290322580645,33.5596774193548,36.5032258064516,37.7451612903226,38.8258064516129,39.9951612903226,41.5483870967742,42.3983870967742,42.5467741935484,42.5645161290323,40.441935483871,39.3645161290323,38.108064516129,37.0596774193548,36.0596774193548,34.8741935483871,36.3462365591398,44.1,29.1,34.1691935483871,33.5611290322581,33.0427419354839,32.4972580645161,32.096935483871,31.4856451612903,31.2217741935484,31.4537096774194,32.6903225806452,34.0312903225806,37.3061290322581,38.3464516129032,39.2159677419355,40.33,41.8216129032258,42.5287096774194,42.3801612903226,42.1803225806452,39.6685483870968,38.5972580645161,37.4564516129032,36.508064516129,35.7732258064516,34.661935483871,36.3764602960969,43.4065,29.4035
"VL20",0.111434,"RH",33.549558,-112.098723,-0.01417224025482,93861,0.400924937744575,0.488082532906439,0.0209889718961224,0.0512273212379936,0.0387762362148702,0,0,0,0,0,0,0,0,51.36587538,51.81233843,0.44646305,51.61935535,31.7048387096774,30.9387096774194,30.2290322580645,29.6564516129032,28.9145161290323,28.3822580645161,28.4548387096774,38.1709677419355,38.1806451612903,38.3177419354839,37.1483870967742,38.35,39.3903225806452,40.4951612903226,41.0677419354839,41.5032258064516,41.8822580645161,41.5516129032258,40.3016129032258,38.6161290322581,36.5032258064516,35.1,33.8661290322581,32.6322580645161,35.8899193548387,44.6,26.275,31.7546774193548,31.1803225806452,30.4377419354839,29.8816129032258,29.2901612903226,28.8543548387097,29.0548387096774,39.7446774193548,39.2985483870968,39.2132258064516,37.7287096774194,38.7072580645161,39.5675806451613,40.6509677419355,40.916935483871,41.1691935483871,41.3246774193548,40.7779032258065,39.4148387096774,37.6438709677419,35.6504838709677,34.5735483870968,33.5979032258065,32.6287096774194,35.9616621803499,43.845,26.614
