"fid","res.off","com.off","all.off","all_on","all.sp","con_yr_avg","blkgp.con.yr.m1SD"
1,1186,955,2141,6549,8690,1997,1980
2,640,12285,12925,1348,14273,2004,1996
3,1594,49,1643,2650,4293,2005,2002
4,1252,1232,2484,12288,14772,1988,1971
5,1144,240,1384,4075,5459,2001,1990
6,2397,2376,4773,6592,11365,2007,2003
7,1056,270,1326,3605,4931,2002,1994
8,1601,1101,2702,5636,8338,2004,1993
9,773,233,1006,1410,2416,1987,1967
10,0,2,2,2291,2293,1997,1997
11,0,6,6,1243,1249,1993,1987
12,1058,7371,8429,2149,10578,1987,1977
13,362,29888,30250,6709,36959,1994,1982
14,997,79,1076,1703,2779,1998,1992
15,692,880,1572,1678,3250,1994,1991
16,1220,496,1716,1748,3464,1994,1992
17,1799,1353,3152,2357,5509,1995,1992
18,562,856,1418,744,2162,2002,2001
19,1462,438,1900,1612,3512,2001,1999
20,1120,0,1120,1143,2263,2004,2003
21,3,1525,1528,954,2482,1998,1986
22,1064,436,1500,1140,2640,2007,2003
23,462,0,462,1288,1750,2008,2005
24,498,1122,1620,1303,2923,1975,1957
25,1491,391,1882,2962,4844,1987,1985
26,778,1620,2398,2147,4545,1985,1972
27,951,307,1258,1626,2884,1983,1963
28,1121,87,1208,1880,3088,1980,1958
29,1858,659,2517,2699,5216,1984,1962
30,894,356,1250,1964,3214,1971,1968
31,704,232,936,2383,3319,1978,1975
32,562,0,562,859,1421,1976,1973
33,1675,17,1692,1144,2836,1966,1961
34,1358,46,1404,1934,3338,1961,1957
35,624,480,1104,0,1104,1981,1972
36,1296,149,1445,1159,2604,1985,1980
37,1296,68,1364,1188,2552,1985,1981
38,1163,376,1539,2230,3769,1961,1959
39,906,67,973,1210,2183,1966,1962
40,712,2138,2850,951,3801,1984,1978
41,766,2,768,859,1627,1961,1958
42,434,918,1352,920,2272,1979,1975
43,1085,172,1257,1477,2734,1966,1960
44,768,0,768,1159,1927,1960,1959
45,1407,1061,2468,2543,5011,1990,1979
46,463,0,463,425,888,1981,1976
47,753,114,867,1090,1957,1971,1962
48,1376,872,2248,2447,4695,1975,1967
49,725,1333,2058,1155,3213,1971,1966
50,1207,335,1542,1003,2545,1967,1960
51,2092,2159,4251,1588,5839,1969,1965
52,1017,1978,2995,807,3802,1975,1967
53,1514,493,2007,1547,3554,1971,1967
54,1772,720,2492,1207,3699,1974,1969
55,200,4229,4429,402,4831,1985,1980
56,1363,3328,4691,694,5385,1981,1975
57,722,169,891,708,1599,1990,1985
58,1252,363,1615,1620,3235,1987,1978
59,1471,3414,4885,3920,8805,1988,1976
60,1094,503,1597,2064,3661,1986,1981
61,933,344,1277,1650,2927,1972,1966
62,946,886,1832,1967,3799,1984,1972
63,1282,1997,3279,2379,5658,1988,1984
64,2000,1164,3164,444,3608,1983,1981
65,1377,7125,8502,457,8959,1981,1976
66,1374,242,1616,1402,3018,1989,1984
67,684,306,990,1740,2730,1992,1977
68,1466,1531,2997,2395,5392,1975,1966
69,1051,1275,2326,1130,3456,1941,1922
70,1194,1929,3123,871,3994,1956,1945
71,4447,2040,6487,2712,9199,1985,1978
72,1808,1135,2943,78,3021,1998,1985
73,1793,1693,3486,1674,5160,1982,1971
74,704,710,1414,936,2350,1956,1945
75,800,139,939,2683,3622,1959,1950
76,902,473,1375,267,1642,1964,1955
77,1261,2059,3320,918,4238,1947,1928
78,1855,1292,3147,3549,6696,1974,1966
79,1504,0,1504,2476,3980,1997,1996
81,1015,117,1132,779,1911,1963,1955
82,5373,10642,16015,2459,18474,1991,1981
83,676,1226,1902,1109,3011,1956,1948
84,1387,843,2230,968,3198,1969,1953
85,1111,287,1398,1172,2570,1975,1966
86,1875,1168,3043,3149,6192,1982,1973
87,2438,4599,7037,3038,10075,1988,1969
88,923,194,1117,110,1227,1987,1986
89,1215,0,1215,1839,3054,1975,1968
90,1214,352,1566,3952,5518,1988,1983
91,1555,3284,4839,6496,11335,1996,1985
92,916,10971,11887,3319,15206,1960,1942
93,1345,3125,4470,1967,6437,1956,1934
94,1376,4377,5753,716,6469,1958,1942
95,1226,10895,12121,2978,15099,1963,1939
96,610,269,879,1349,2228,1996,1992
97,960,273,1233,1204,2437,1978,1973
98,1703,1147,2850,2442,5292,1997,1994
99,1764,182,1946,2443,4389,1997,1994
100,900,0,900,1805,2705,2003,2002
101,1190,412,1602,1828,3430,2004,2002
102,1646,0,1646,2581,4227,2004,2004
103,589,1178,1767,556,2323,2003,1999
104,1115,724,1839,1966,3805,2003,2002
105,1222,367,1589,2347,3936,2003,2002
106,1026,0,1026,1655,2681,2000,1999
107,992,6,998,1473,2471,1997,1996
108,707,1095,1802,1454,3256,1997,1995
109,2498,2353,4851,7319,12170,2009,2001
110,1728,634,2362,1811,4173,1996,1992
111,1932,469,2401,4118,6519,2004,2001
112,1478,240,1718,2394,4112,1999,1998
113,1614,9,1623,3457,5080,1995,1993
114,2329,138,2467,1264,3731,1981,1972
115,954,20,974,1766,2740,1980,1974
116,1063,80,1143,2656,3799,1977,1969
117,1896,201,2097,2221,4318,1982,1980
118,369,14095,14464,2075,16539,1960,1940
119,1334,1256,2590,861,3451,1961,1938
120,1422,1731,3153,954,4107,1952,1945
121,946,411,1357,1561,2918,2000,1996
122,1240,946,2186,2032,4218,1994,1988
123,1388,728,2116,2224,4340,1984,1978
124,1034,38,1072,7242,8314,1996,1985
125,1745,643,2388,3400,5788,2001,1999
126,2026,18,2044,6823,8867,2003,1999
127,1724,776,2500,2876,5376,2000,1995
128,1240,510,1750,3050,4800,1992,1983
129,1857,2615,4472,4149,8621,1996,1990
130,557,1043,1600,839,2439,1979,1955
131,1759,2300,4059,945,5004,1998,1991
132,2836,868,3704,2774,6478,1990,1984
133,1109,769,1878,871,2749,1989,1986
134,1597,28,1625,3496,5121,1992,1985
135,1200,0,1200,2815,4015,1988,1985
136,4032,527,4559,2089,6648,1985,1984
137,1285,5933,7218,2055,9273,1975,1964
138,2738,2868,5606,2569,8175,1987,1978
139,1683,1109,2792,3555,6347,2000,1996
140,6024,4614,10638,11629,22267,2002,1995
141,696,0,696,1406,2102,1983,1979
142,3112,638,3750,638,4388,1989,1987
143,1384,1321,2705,1640,4345,1985,1981
144,991,1457,2448,2682,5130,2002,1989
145,1212,376,1588,2935,4523,2005,1996
146,1618,813,2431,2401,4832,2008,2003
147,1905,1194,3099,3194,6293,2007,2000
148,1366,2532,3898,2201,6099,2003,1995
149,1232,7,1239,2115,3354,2002,2001
150,1028,34,1062,1392,2454,1983,1964
151,2380,522,2902,3105,6007,2005,2003
152,1441,953,2394,2583,4977,2007,1999
153,1214,1157,2371,2413,4784,2006,2005
154,1558,1414,2972,2761,5733,2004,2002
155,1094,512,1606,2694,4300,1995,1991
156,1370,0,1370,2209,3579,1997,1996
157,1271,1780,3051,828,3879,1998,1997
158,876,0,876,1463,2339,1998,1997
159,1317,1969,3286,1981,5267,2001,1996
160,1092,527,1619,2979,4598,1995,1994
161,1210,709,1919,1856,3775,1994,1993
162,802,1745,2547,1451,3998,1994,1991
163,1204,750,1954,4547,6501,1991,1966
164,1840,743,2583,9312,11895,1993,1978
165,929,779,1708,2211,3919,1981,1972
166,661,2811,3472,1510,4982,1955,1932
167,377,30295,30672,5829,36501,1974,1951
168,2081,1257,3338,777,4115,1957,1932
169,1434,178,1612,996,2608,1967,1954
170,1089,899,1988,1113,3101,1964,1956
171,486,1535,2021,1019,3040,1961,1951
172,1287,54,1341,925,2266,1977,1973
173,1180,476,1656,1450,3106,1970,1966
174,1195,283,1478,1569,3047,1971,1967
175,1214,196,1410,1587,2997,1972,1969
176,700,128,828,1109,1937,1973,1969
177,1080,751,1831,1380,3211,1977,1972
178,1224,146,1370,1456,2826,1977,1974
179,2451,1401,3852,1146,4998,1990,1969
180,1053,432,1485,2096,3581,1981,1970
181,1015,285,1300,712,2012,1979,1977
182,1222,53,1275,0,1275,1985,1976
183,1432,4699,6131,2473,8604,1988,1979
185,792,3972,4764,1879,6643,1976,1970
186,1122,848,1970,1352,3322,1967,1961
187,1114,1076,2190,1867,4057,1966,1960
188,1481,681,2162,1326,3488,1963,1955
189,4464,286,4750,1135,5885,1993,1980
190,1968,808,2776,1183,3959,1975,1962
191,1204,122,1326,1027,2353,1966,1962
192,1388,586,1974,1134,3108,1966,1953
193,4022,1809,5831,843,6674,1990,1970
194,1502,864,2366,564,2930,1977,1961
195,2301,951,3252,334,3586,1980,1964
196,1366,623,1989,3008,4997,1966,1953
197,1388,601,1989,1438,3427,1955,1944
198,915,539,1454,1504,2958,1991,1985
199,1125,315,1440,1888,3328,1980,1976
200,1313,872,2185,371,2556,1978,1969
201,690,534,1224,1008,2232,1968,1954
202,2484,250,2734,1418,4152,1993,1982
203,2792,683,3475,1332,4807,1969,1958
204,1519,731,2250,1405,3655,1988,1976
205,2717,248,2965,1614,4579,1973,1955
206,768,675,1443,853,2296,1979,1976
207,1727,2325,4052,1100,5152,1976,1973
208,1633,228,1861,2930,4791,1975,1970
209,970,144,1114,1435,2549,1967,1963
210,972,735,1707,1489,3196,1972,1966
211,1663,2741,4404,2367,6771,1952,1941
212,1775,190,1965,301,2266,1976,1952
213,1997,1173,3170,1078,4248,1961,1945
214,843,3815,4658,2710,7368,1958,1946
215,615,124,739,974,1713,1990,1971
216,2354,1019,3373,2056,5429,1996,1989
217,1060,5133,6193,2185,8378,1981,1974
218,606,674,1280,849,2129,1963,1955
219,1316,2247,3563,619,4182,1960,1944
220,2588,314,2902,5032,7934,1970,1957
221,1437,87,1524,1823,3347,1968,1965
222,1772,1072,2844,2162,5006,1966,1957
223,6452,4066,10518,6361,16879,1979,1962
224,870,250,1120,1150,2270,1976,1968
225,2287,5896,8183,1820,10003,1987,1964
226,1033,4,1037,1271,2308,1976,1957
227,867,491,1358,412,1770,1985,1984
228,1841,2985,4826,2635,7461,1978,1962
229,3771,1711,5482,1358,6840,1971,1960
230,3508,9013,12521,2503,15024,1985,1966
231,932,184,1116,1303,2419,1990,1986
232,1263,1442,2705,1214,3919,1972,1959
233,831,203,1034,1784,2818,1973,1970
234,858,800,1658,1492,3150,1972,1963
235,1779,992,2771,5003,7774,1980,1972
236,976,562,1538,689,2227,1971,1966
237,1990,4542,6532,3802,10334,1998,1985
238,903,398,1301,1541,2842,1987,1980
239,1226,1630,2856,2466,5322,1986,1983
240,1435,630,2065,1451,3516,1992,1980
241,2055,1640,3695,2662,6357,1961,1949
242,1120,966,2086,2919,5005,1974,1965
243,1104,0,1104,1648,2752,2002,2001
244,1478,140,1618,2049,3667,2001,2000
245,1438,356,1794,2061,3855,2000,2000
246,1090,853,1943,773,2716,1992,1989
247,1570,198,1768,1802,3570,1995,1994
248,1950,2665,4615,1895,6510,1991,1988
249,1544,685,2229,1593,3822,1988,1984
250,884,0,884,1271,2155,1997,1996
251,972,120,1092,1225,2317,1996,1994
253,1864,83,1947,3094,5041,2006,2000
254,10887,4214,15101,4742,19843,2005,2000
255,2270,4062,6332,2787,9119,2007,2002
256,1938,49,1987,2998,4985,2000,1999
257,1894,700,2594,3706,6300,2000,1998
258,1070,484,1554,1697,3251,2001,2000
259,858,29,887,152,1039,1972,1971
260,1379,362,1741,1151,2892,1954,1936
261,917,1565,2482,604,3086,1939,1910
262,1035,286,1321,378,1699,1971,1955
263,1256,1808,3064,306,3370,1973,1950
264,987,1616,2603,1193,3796,1960,1950
265,937,1242,2179,1290,3469,1960,1943
266,894,475,1369,1303,2672,1955,1943
267,1345,1758,3103,2305,5408,1954,1940
268,1367,888,2255,809,3064,1957,1948
269,1209,803,2012,568,2580,1972,1947
270,2227,6791,9018,1236,10254,1985,1959
271,1489,6609,8098,1223,9321,1957,1933
272,1094,4771,5865,877,6742,1964,1947
273,3278,1893,5171,568,5739,1987,1972
274,2047,2179,4226,583,4809,1981,1964
275,912,1192,2104,741,2845,1962,1950
276,904,1432,2336,1119,3455,1996,1981
277,861,15,876,919,1795,1984,1981
278,1640,632,2272,963,3235,1969,1964
279,1730,714,2444,45,2489,1966,1961
280,957,1714,2671,1401,4072,1968,1964
281,937,2410,3347,1265,4612,1968,1945
282,2464,456,2920,431,3351,1981,1974
283,669,246,915,685,1600,1959,1947
284,1182,666,1848,471,2319,1983,1971
285,1109,992,2101,81,2182,2002,1983
286,2743,981,3724,0,3724,1984,1970
287,0,16912,16912,865,17777,1971,1943
288,628,477,1105,651,1756,1956,1929
289,880,121,1001,582,1583,1969,1949
290,1179,585,1764,205,1969,1966,1956
291,943,121,1064,9800,10864,1996,1990
292,774,1209,1983,428,2411,1962,1941
293,2707,1626,4333,1406,5739,1973,1956
294,992,1932,2924,1279,4203,1964,1954
295,1876,0,1876,338,2214,1999,1996
296,4566,2069,6635,7135,13770,2007,2005
297,732,213,945,817,1762,2001,2001
298,2468,205,2673,4000,6673,2009,2002
299,1580,880,2460,2141,4601,2005,2004
300,352,137,489,455,944,1953,1925
301,125,6,131,53,184,1962,1958
303,2143,3290,5433,5421,10854,2000,1988
304,2599,518,3117,4299,7416,2008,2002
305,1373,1179,2552,3,2555,1986,1986
306,3770,3269,7039,3359,10398,2000,1985
307,1837,5065,6902,835,7737,2010,2001
308,1345,9979,11324,3186,14510,2003,1997
309,241,175,416,843,1259,1985,1969
310,2025,21976,24001,1965,25966,1988,1975
311,2217,3967,6184,3625,9809,1967,1945
312,1759,701,2460,4751,7211,2000,1995
313,1830,2920,4750,2446,7196,1999,1997
314,1418,601,2019,9066,11085,1997,1987
315,2458,1191,3649,3361,7010,1998,1992
316,906,790,1696,2282,3978,1992,1990
317,1068,605,1673,1291,2964,1995,1992
318,1266,50,1316,2036,3352,1997,1995
319,1276,32,1308,1806,3114,1991,1989
320,1530,1207,2737,1749,4486,1959,1947
321,1445,636,2081,1259,3340,1960,1947
322,796,21226,22022,6837,28859,1963,1950
323,1848,10353,12201,4812,17013,1956,1942
324,536,10793,11329,2350,13679,1954,1930
325,1781,7035,8816,1907,10723,1959,1939
326,1589,1628,3217,1026,4243,1960,1947
327,1866,1340,3206,1452,4658,1951,1934
328,4482,8622,13104,2070,15174,2011,2004
329,2583,1358,3941,1280,5221,1966,1947
330,3121,714,3835,924,4759,1975,1956
331,3069,1676,4745,1152,5897,1974,1952
332,1815,290,2105,659,2764,1972,1963
336,1182,1349,2531,867,3398,1972,1958
337,135,0,135,386,521,1961,1959
338,1108,819,1927,1509,3436,1954,1944
339,966,1548,2514,1363,3877,1958,1939
340,837,508,1345,344,1689,1975,1961
341,1422,941,2363,1607,3970,1955,1936
342,653,8411,9064,3345,12409,1964,1946
343,855,62,917,1276,2193,1964,1959
344,1226,271,1497,1238,2735,1970,1966
345,2398,570,2968,1116,4084,1972,1958
346,1745,651,2396,2965,5361,1966,1956
347,1012,14,1026,500,1526,1968,1960
348,2067,700,2767,1105,3872,1961,1957
349,440,13,453,648,1101,1960,1953
350,834,92,926,1087,2013,1981,1978
351,512,0,512,614,1126,1971,1970
352,552,155,707,1753,2460,1976,1973
353,899,83,982,1943,2925,1973,1971
354,642,11,653,920,1573,1973,1970
355,544,6,550,920,1470,1973,1972
356,592,9455,10047,3084,13131,1985,1970
357,863,566,1429,1178,2607,1979,1977
358,544,0,544,1158,1702,1966,1946
359,968,333,1301,1953,3254,1979,1976
360,1608,270,1878,3877,5755,1973,1967
361,1704,914,2618,597,3215,1984,1966
362,1672,2090,3762,873,4635,1954,1937
363,2043,76,2119,288,2407,1969,1960
364,1363,423,1786,1185,2971,1967,1950
365,979,0,979,1524,2503,1975,1972
366,947,407,1354,2542,3896,1966,1957
367,1076,815,1891,993,2884,1970,1941
368,714,4611,5325,2028,7353,1961,1936
369,956,741,1697,2932,4629,1983,1974
370,3576,2124,5700,4477,10177,1994,1977
371,1775,494,2269,5552,7821,1991,1981
372,2132,1782,3914,1812,5726,1974,1967
373,805,226,1031,614,1645,1962,1941
374,1047,57,1104,236,1340,1957,1944
375,1124,106,1230,791,2021,1966,1951
376,1162,723,1885,919,2804,1957,1944
377,1344,1185,2529,714,3243,1972,1951
378,2219,1487,3706,1821,5527,1985,1979
379,1234,0,1234,2115,3349,1975,1971
380,1912,2763,4675,635,5310,1972,1958
381,1439,7939,9378,310,9688,2006,1998
382,1417,136,1553,971,2524,1954,1938
383,1234,526,1760,1554,3314,1964,1956
384,794,107,901,2253,3154,1991,1990
385,782,47,829,4368,5197,1976,1960
386,1345,368,1713,424,2137,1974,1968
387,1631,277,1908,1387,3295,1965,1958
388,1300,25,1325,2681,4006,1963,1958
389,1405,0,1405,1265,2670,1973,1969
390,3017,4431,7448,1275,8723,1993,1972
391,1014,2324,3338,1485,4823,1961,1952
392,2013,1295,3308,2631,5939,1996,1990
393,1244,4397,5641,1410,7051,1975,1957
394,2576,726,3302,3131,6433,1998,1986
395,1243,102,1345,2884,4229,1985,1979
396,5934,6936,12870,2360,15230,2007,2004
397,2278,350,2628,4090,6718,1978,1971
398,730,1384,2114,353,2467,1963,1956
399,2747,1420,4167,9865,14032,2006,2000
400,712,2737,3449,3918,7367,1999,1985
401,1232,161,1393,3914,5307,2002,1997
402,1758,2415,4173,4361,8534,2005,2000
403,961,288,1249,1988,3237,2002,1998
404,2310,250,2560,6510,9070,2009,2005
405,1589,1031,2620,5247,7867,2003,1998
406,1434,0,1434,4540,5974,2003,1998
407,1208,485,1693,3722,5415,2005,2000
408,3459,4211,7670,4852,12522,2010,2002
409,2052,342,2394,1062,3456,2000,1999
410,4216,451,4667,2004,6671,2001,2000
411,2294,136,2430,2826,5256,2003,1999
412,880,345,1225,2021,3246,1998,1995
413,1816,3351,5167,3679,8846,2007,1997
414,2225,0,2225,63,2288,1998,1997
415,980,0,980,1610,2590,2000,1999
416,2007,6080,8087,646,8733,2001,1999
417,624,213,837,667,1504,2004,2000
418,4739,1562,6301,6026,12327,1980,1975
419,1330,137,1467,1667,3134,1952,1948
420,856,744,1600,999,2599,1954,1950
421,902,427,1329,1605,2934,1954,1950
422,884,468,1352,1433,2785,1955,1949
423,1190,2519,3709,521,4230,1963,1950
424,1644,1152,2796,1040,3836,1967,1952
425,1836,605,2441,109,2550,1970,1954
426,2014,884,2898,588,3486,1972,1963
427,2089,2213,4302,702,5004,1988,1964
428,2386,144,2530,1024,3554,1979,1960
429,1232,679,1911,382,2293,1975,1953
430,854,2902,3756,1375,5131,1954,1941
431,1433,4215,5648,606,6254,1963,1944
432,440,443,883,157,1040,1981,1980
433,1861,1887,3748,1383,5131,1970,1953
434,1618,8,1626,0,1626,1966,1960
435,1720,1905,3625,113,3738,2000,1999
436,849,0,849,1059,1908,1994,1992
437,2773,325,3098,828,3926,1996,1994
438,1409,1098,2507,410,2917,1998,1994
439,1325,261,1586,1356,2942,1986,1984
440,1002,2664,3666,1624,5290,1985,1980
441,1954,493,2447,384,2831,1993,1992
442,1636,1477,3113,7000,10113,1991,1974
443,3606,7029,10635,10358,20993,1998,1991
444,2741,1252,3993,5207,9200,1989,1975
445,2210,3837,6047,13930,19977,1990,1976
446,NA,NA,NA,4531,NA,NA,NA
446,NA,NA,NA,4531,NA,NA,NA
447,208,36,244,2816,3060,1987,1971
449,724,19,743,1270,2013,1959,1956
450,1429,544,1973,220,2193,1975,1966
451,980,242,1222,1620,2842,1960,1957
452,686,5,691,990,1681,1959,1959
453,1472,56,1528,184,1712,1976,1965
454,816,350,1166,269,1435,1980,1970
455,649,353,1002,605,1607,1959,1957
456,614,24443,25057,2428,27485,1977,1966
457,312,1219,1531,196,1727,1986,1968
458,1465,318,1783,976,2759,1964,1955
459,97,144,241,16,257,1955,1941
460,2028,3263,5291,436,5727,1983,1971
461,1927,791,2718,243,2961,1965,1960
462,2668,845,3513,1391,4904,1969,1952
463,906,0,906,1192,2098,1959,1954
464,2574,4859,7433,4887,12320,1989,1962
465,2096,141,2237,3024,5261,2005,2003
466,1198,1033,2231,1417,3648,1998,1994
467,1602,925,2527,2856,5383,1996,1993
468,117,283,400,847,1247,1984,1978
469,1666,951,2617,2412,5029,1983,1980
470,16,0,16,894,910,1988,1982
471,NA,NA,NA,0,NA,NA,NA
472,0,5897,5897,701,6598,1995,1981
473,888,8830,9718,1447,11165,1959,1938
474,1548,415,1963,2107,4070,1989,1987
475,1286,816,2102,2964,5066,1994,1989
476,603,573,1176,3766,4942,2003,1997
477,1438,684,2122,5958,8080,1995,1983
478,62,0,62,2127,2189,2002,1997
479,2296,1901,4197,1844,6041,1999,1986
480,1805,101,1906,1211,3117,1994,1983
481,1468,3361,4829,285,5114,1988,1983
482,774,696,1470,1148,2618,1964,1960
483,863,145,1008,895,1903,1961,1947
484,1034,1012,2046,77,2123,1980,1965
485,800,1204,2004,840,2844,1956,1936
486,2399,457,2856,772,3628,1970,1956
487,2772,1207,3979,1402,5381,1962,1947
488,815,1249,2064,624,2688,1955,1946
489,3360,552,3912,1191,5103,1965,1953
490,1565,1008,2573,1465,4038,1960,1947
491,1924,348,2272,1364,3636,1969,1952
492,1961,3881,5842,641,6483,1963,1948
493,2068,4096,6164,1281,7445,1966,1947
494,45,47,92,27,119,1979,1959
495,605,72,677,4010,4687,1999,1987
496,2230,295,2525,5553,8078,2003,1995
497,2308,461,2769,6357,9126,2000,1985
498,3651,2767,6418,3229,9647,1972,1961
499,1647,299,1946,3079,5025,1958,1955
500,1210,2098,3308,1507,4815,1983,1975
501,980,402,1382,1085,2467,1971,1964
502,1734,1684,3418,2055,5473,1962,1957
503,1517,325,1842,1517,3359,1961,1959
504,690,467,1157,1528,2685,1963,1962
505,753,765,1518,1499,3017,1963,1962
506,2071,864,2935,1621,4556,1978,1962
507,971,565,1536,2272,3808,1966,1963
508,1112,566,1678,1727,3405,1971,1958
509,2528,1739,4267,1266,5533,1995,1982
510,1265,328,1593,1760,3353,1967,1954
511,1021,4324,5345,2292,7637,1984,1963
512,1313,2472,3785,2352,6137,1994,1987
513,1325,173,1498,1939,3437,1974,1958
514,1579,642,2221,2939,5160,1985,1967
515,590,218,808,1302,2110,1955,1933
516,2270,4461,6731,2553,9284,1982,1959
517,531,81,612,1090,1702,1974,1950
518,1498,1921,3419,1100,4519,1963,1939
519,1286,904,2190,1200,3390,1970,1944
520,3578,348,3926,2657,6583,1987,1962
521,861,445,1306,1036,2342,1962,1952
522,772,2120,2892,1417,4309,1965,1940
523,938,648,1586,1867,3453,1970,1950
524,2573,275,2848,2367,5215,1990,1986
525,338,289,627,1402,2029,1984,1975
526,1139,1609,2748,1420,4168,1975,1968
527,1394,1249,2643,2218,4861,1975,1969
528,1010,288,1298,146,1444,1971,1969
529,1082,105,1187,2077,3264,1979,1971
531,2200,16903,19103,2639,21742,1986,1982
532,1246,940,2186,1440,3626,1961,1950
533,875,776,1651,1096,2747,1978,1975
534,1608,686,2294,1688,3982,1990,1987
535,2558,384,2942,3236,6178,1988,1977
536,875,1437,2312,822,3134,1977,1954
537,848,153,1001,1323,2324,1963,1950
538,1706,1138,2844,938,3782,1970,1954
539,3842,3766,7608,1225,8833,1963,1951
540,746,415,1161,690,1851,1979,1970
541,949,483,1432,1868,3300,1983,1977
542,664,41,705,1175,1880,1992,1988
543,749,2329,3078,1252,4330,1952,1932
544,728,1933,2661,1374,4035,1994,1990
545,1244,700,1944,0,1944,1980,1970
546,1874,125,1999,2818,4817,1972,1961
547,1794,458,2252,3083,5335,1989,1970
548,695,9079,9774,3178,12952,1980,1956
549,1393,2182,3575,1616,5191,1961,1951
550,1322,0,1322,1283,2605,1989,1985
551,603,5656,6259,4447,10706,1998,1990
552,1985,2009,3994,1918,5912,1966,1959
553,1166,8,1174,1903,3077,1980,1977
554,791,1773,2564,1221,3785,1960,1952
555,1213,2256,3469,1214,4683,1981,1971
556,1007,862,1869,1169,3038,1977,1971
557,830,656,1486,2038,3524,1977,1959
558,1014,269,1283,1031,2314,1962,1956
559,617,633,1250,613,1863,1966,1959
560,892,0,892,1240,2132,1981,1977
561,712,3729,4441,887,5328,1952,1942
562,518,24,542,2354,2896,1997,1988
563,5246,14810,20056,1252,21308,1998,1985
564,1467,685,2152,3128,5280,1986,1980
565,942,1727,2669,3169,5838,1987,1980
568,2350,1434,3784,2689,6473,1988,1968
569,1021,109,1130,2648,3778,1982,1972
570,1426,1438,2864,1617,4481,1982,1979
571,998,752,1750,674,2424,1975,1971
572,1848,696,2544,1607,4151,1978,1975
573,1375,167,1542,1715,3257,1977,1973
574,1128,436,1564,1679,3243,1978,1976
575,2042,1221,3263,1306,4569,1982,1981
576,3175,2632,5807,4720,10527,1996,1991
577,3315,1046,4361,4616,8977,2002,1997
578,2839,697,3536,3555,7091,2007,2003
579,2200,1450,3650,7947,11597,2010,2003
580,780,662,1442,1439,2881,1997,1996
581,1196,174,1370,2437,3807,1999,1997
582,4372,2135,6507,2478,8985,2004,2000
583,1736,1093,2829,3289,6118,1986,1982
584,1626,2087,3713,342,4055,1997,1984
585,2362,976,3338,2496,5834,2000,1997
586,1312,357,1669,1752,3421,1993,1988
587,1092,209,1301,1239,2540,1990,1981
588,2453,4583,7036,1039,8075,2003,1999
589,2294,1856,4150,1894,6044,1994,1988
590,1633,414,2047,2808,4855,1985,1971
591,3323,2,3325,1941,5266,1985,1974
592,1593,612,2205,3197,5402,1981,1965
593,1265,7,1272,2732,4004,1990,1978
594,1178,3412,4590,1914,6504,1969,1950
595,1098,269,1367,3169,4536,1974,1954
596,1171,1458,2629,1038,3667,1965,1951
597,1807,1041,2848,1290,4138,1971,1949
598,1303,1378,2681,488,3169,1964,1951
599,1471,1005,2476,807,3283,1966,1953
600,1705,1999,3704,1213,4917,1958,1942
601,605,3182,3787,300,4087,1958,1952
602,1834,643,2477,873,3350,1963,1953
603,1514,1614,3128,869,3997,1961,1947
604,842,417,1259,158,1417,1970,1959
605,1771,931,2702,399,3101,1984,1976
606,1436,497,1933,393,2326,1970,1955
607,1097,399,1496,1310,2806,1966,1948
608,1980,632,2612,3862,6474,1999,1998
609,0,0,0,1549,1549,NA,NA
610,860,293,1153,3248,4401,2000,1993
611,1970,2512,4482,11462,15944,2003,1993
614,823,185,1008,760,1768,1991,1983
615,1454,0,1454,1340,2794,1988,1981
616,1972,1587,3559,2083,5642,1995,1988
617,1928,138,2066,3134,5200,2002,1996
618,2786,9567,12353,2922,15275,1989,1979
619,790,179,969,1146,2115,1985,1980
620,1200,3325,4525,3605,8130,1990,1981
621,868,1867,2735,234,2969,1965,1954
622,456,249,705,521,1226,1961,1956
623,2372,708,3080,463,3543,1978,1965
624,788,396,1184,1472,2656,1978,1973
625,1790,136,1926,1471,3397,1981,1977
626,541,2,543,0,543,1995,1986
627,1955,32,1987,2035,4022,1976,1972
628,1050,400,1450,3309,4759,2001,1998
629,916,0,916,3931,4847,1992,1983
630,1228,31829,33057,5753,38810,1980,1966
631,4799,16577,21376,2762,24138,1990,1972
632,537,833,1370,385,1755,1964,1958
633,1139,915,2054,842,2896,1961,1948
634,1364,36849,38213,5868,44081,2000,1986
635,1560,9140,10700,3206,13906,2006,2001
636,1138,168,1306,1480,2786,2002,2001
637,1741,7854,9595,1872,11467,1970,1938
638,1514,2873,4387,1321,5708,1983,1953
639,0,4,4,9996,10000,1997,1997
640,420,1003,1423,1310,2733,2002,1998
641,1626,0,1626,3117,4743,2002,2002
642,2146,0,2146,3824,5970,1998,1988
643,1908,712,2620,2300,4920,1981,1970
644,1059,295,1354,6174,7528,1998,1986
645,1182,250,1432,1573,3005,2006,2005
646,1908,2507,4415,2835,7250,2008,2004
647,1620,34,1654,2638,4292,2004,2003
648,1372,49,1421,3689,5110,2001,1992
649,1105,1062,2167,5817,7984,2009,2000
650,1100,2704,3804,1537,5341,2004,2003
651,1234,188,1422,2425,3847,2008,2003
652,874,401,1275,3293,4568,2005,2002
653,1059,205,1264,1509,2773,1964,1963
654,1070,159,1229,1969,3198,1968,1967
655,1255,558,1813,1331,3144,1989,1981
656,1233,568,1801,2363,4164,1978,1971
657,671,12,683,1305,1988,1995,1988
658,618,1623,2241,921,3162,1998,1997
659,1262,77,1339,1774,3113,1994,1986
660,1964,2109,4073,1763,5836,1987,1979
661,2502,1714,4216,860,5076,1991,1983
662,1812,647,2459,1059,3518,1981,1970
663,1392,352,1744,1452,3196,1984,1979
664,1382,967,2349,1359,3708,1984,1977
665,1348,405,1753,1621,3374,1983,1972
666,1138,453,1591,1684,3275,1951,1940
667,1772,1145,2917,2299,5216,1978,1952
668,932,428,1360,1356,2716,1953,1946
669,2896,326,3222,2727,5949,1992,1975
670,2699,153,2852,689,3541,1997,1994
671,1224,193,1417,707,2124,1985,1981
672,1896,1485,3381,2471,5852,1973,1968
673,1991,2685,4676,2166,6842,1987,1977
674,880,1295,2175,1696,3871,1994,1989
675,1152,159,1311,2046,3357,1990,1988
676,3526,166,3692,932,4624,1977,1971
677,3031,386,3417,5273,8690,1983,1977
678,1924,496,2420,3150,5570,1994,1990
679,1548,112,1660,3244,4904,1991,1983
680,2349,3,2352,1036,3388,1979,1975
682,942,3673,4615,138,4753,1992,1979
683,898,577,1475,1626,3101,1987,1984
684,810,964,1774,1299,3073,1979,1976
685,1315,783,2098,1829,3927,1970,1966
686,1268,29,1297,1688,2985,1972,1971
687,1418,235,1653,1664,3317,1959,1953
688,1387,210,1597,842,2439,1967,1962
689,973,12,985,1410,2395,1975,1971
690,718,261,979,1487,2466,1986,1981
691,1153,456,1609,1373,2982,1964,1956
692,890,983,1873,1387,3260,1995,1991
693,1017,732,1749,1093,2842,1982,1975
694,820,127,947,1057,2004,1989,1987
695,2368,2241,4609,2276,6885,1987,1965
696,1568,510,2078,585,2663,1972,1958
697,1274,681,1955,1280,3235,1956,1950
698,1579,28226,29805,1775,31580,1980,1968
699,1449,1660,3109,1282,4391,1953,1943
700,1953,2079,4032,851,4883,1955,1950
701,1427,2805,4232,1953,6185,1976,1949
702,1295,925,2220,871,3091,1968,1956
703,3119,1469,4588,1768,6356,1974,1964
704,1467,2234,3701,1209,4910,1960,1954
705,1056,1745,2801,1168,3969,1959,1952
706,838,1102,1940,1099,3039,1962,1956
707,0,40,40,1285,1325,1975,1975
708,1691,282,1973,319,2292,1978,1974
709,1247,206,1453,1862,3315,1991,1988
710,2991,1690,4681,1081,5762,1972,1949
711,1085,1203,2288,1341,3629,1960,1952
712,776,1907,2683,598,3281,1961,1956
713,922,800,1722,1840,3562,1978,1969
714,2485,2511,4996,4163,9159,1978,1972
715,1250,1351,2601,1329,3930,1972,1951
716,1401,270,1671,1594,3265,1982,1979
717,1874,1285,3159,2729,5888,1978,1973
718,2241,493,2734,1958,4692,1986,1982
719,1521,1805,3326,3704,7030,1989,1977
720,1204,0,1204,840,2044,1983,1982
721,1050,980,2030,1741,3771,1986,1982
722,1062,896,1958,4311,6269,1991,1980
723,892,0,892,2174,3066,1997,1996
724,1058,1195,2253,1274,3527,1993,1990
725,2643,2100,4743,4479,9222,1999,1987
726,3811,932,4743,1455,6198,2004,1995
727,1474,1019,2493,1922,4415,1996,1993
728,2323,1670,3993,2605,6598,1995,1989
729,1423,145,1568,2542,4110,2004,2001
730,2222,6864,9086,5185,14271,2001,1993
731,252,12,264,686,950,2002,1993
732,1499,48,1547,1431,2978,2002,1998
733,1278,612,1890,2384,4274,2001,1997
734,2948,3540,6488,2581,9069,2003,1997
735,884,1290,2174,1552,3726,1998,1997
736,435,698,1133,965,2098,1979,1966
737,1229,425,1654,211,1865,1991,1984
738,2045,2329,4374,8889,13263,2002,1992
739,694,370,1064,1500,2564,1977,1976
740,1603,298,1901,1296,3197,1982,1978
741,666,114,780,1299,2079,1977,1975
742,402,219,621,602,1223,1977,1964
743,1669,534,2203,1200,3403,1964,1959
744,1184,814,1998,2455,4453,1997,1997
745,1134,1099,2233,2371,4604,1998,1996
746,1408,743,2151,2436,4587,1998,1998
747,1310,510,1820,2422,4242,1999,1998
748,1898,829,2727,2923,5650,2003,2001
749,1306,449,1755,2155,3910,1991,1987
750,841,415,1256,1433,2689,1989,1985
751,1827,3759,5586,1903,7489,1991,1982
752,1895,776,2671,2314,4985,1995,1989
753,1184,1743,2927,42,2969,2005,1999
754,2197,0,2197,1620,3817,1984,1982
755,1894,2803,4697,1362,6059,1993,1988
756,1182,871,2053,1841,3894,1991,1988
757,1819,488,2307,1075,3382,1990,1987
758,2250,1557,3807,2299,6106,1997,1991
759,736,490,1226,1153,2379,1994,1993
760,4232,64,4296,4984,9280,1994,1987
761,1282,164,1446,2643,4089,1987,1979
762,2916,210,3126,3029,6155,1984,1974
763,1656,359,2015,4639,6654,1999,1996
764,1842,958,2800,4300,7100,1988,1981
765,3047,1446,4493,1939,6432,1992,1983
766,3098,3594,6692,1586,8278,1997,1986
767,3461,630,4091,2076,6167,1992,1983
768,1529,2222,3751,1920,5671,2001,1996
769,0,6641,6641,765,7406,1988,1976
770,2212,87,2299,2991,5290,2001,1997
771,1152,54213,55365,9928,65293,1985,1967
772,627,702,1329,1736,3065,1986,1963
773,2294,1201,3495,3053,6548,2006,2002
774,1643,1284,2927,3706,6633,2001,1992
775,564,18618,19182,4457,23639,1994,1979
776,1632,10,1642,6679,8321,2004,1997
777,1060,9,1069,3633,4702,1992,1985
778,1525,12,1537,3990,5527,2006,1997
779,1694,0,1694,1730,3424,2008,2005
780,1796,390,2186,2411,4597,2009,2005
781,878,0,878,810,1688,2001,2001
782,860,0,860,1181,2041,2002,2002
783,1316,95,1411,1811,3222,2005,2004
784,834,7213,8047,1160,9207,2006,2005
785,1818,3168,4986,11826,16812,1994,1979
786,3151,1761,4912,7425,12337,2010,2005
787,1450,77,1527,6256,7783,2004,1996
788,1532,147,1679,3735,5414,2008,2005
789,1192,599,1791,1143,2934,1974,1969
790,1271,473,1744,2110,3854,1986,1972
791,1920,683,2603,1828,4431,1993,1987
792,1518,2998,4516,2264,6780,1986,1982
793,729,164,893,1410,2303,1979,1972
794,730,120,850,1419,2269,1982,1974
795,1388,0,1388,1602,2990,1984,1977
796,773,5507,6280,2281,8561,1978,1970
797,1389,702,2091,515,2606,1986,1984
798,650,680,1330,1731,3061,1984,1979
799,421,757,1178,474,1652,2001,1992
800,708,0,708,981,1689,1979,1973
801,647,0,647,1137,1784,1984,1984
802,596,404,1000,945,1945,1986,1983
803,1219,218,1437,1736,3173,1989,1985
804,1975,703,2678,2852,5530,1974,1971
805,868,868,1736,1995,3731,1993,1992
806,1296,1293,2589,2457,5046,1995,1986
807,1265,97,1362,1578,2940,1996,1994
808,929,174,1103,1130,2233,1979,1974
809,4791,41621,46412,8227,54639,1979,1963
810,1232,3824,5056,1264,6320,1983,1978
811,929,1554,2483,852,3335,1949,1928
812,1299,3257,4556,771,5327,1972,1950
813,1153,1118,2271,1556,3827,1972,1970
814,1399,560,1959,1420,3379,1979,1975
815,1479,131,1610,1633,3243,2000,1995
816,1154,10175,11329,1411,12740,1963,1939
817,1133,6585,7718,1385,9103,1963,1940
818,698,0,698,1352,2050,1973,1972
819,952,480,1432,1755,3187,1970,1967
820,927,465,1392,1484,2876,1957,1953
821,1366,1356,2722,1092,3814,1950,1933
822,1631,1020,2651,1276,3927,1951,1936
823,912,929,1841,1340,3181,1951,1935
824,1010,3706,4716,2592,7308,1985,1973
825,1089,1998,3087,1715,4802,1949,1930
826,1810,1027,2837,1507,4344,1961,1952
827,1081,929,2010,479,2489,1953,1932
828,1735,1085,2820,1069,3889,1973,1963
829,1569,1106,2675,1214,3889,1948,1930
830,1078,1784,2862,1258,4120,1994,1980
831,560,711,1271,110,1381,1981,1966
832,1396,420,1816,4485,6301,1970,1951
833,1603,1221,2824,881,3705,1982,1966
834,3141,14263,17404,2620,20024,1990,1982
835,1068,2290,3358,2015,5373,1984,1977
836,2148,102,2250,5812,8062,1992,1985
837,1465,359,1824,1331,3155,1961,1957
838,770,0,770,437,1207,1983,1980
839,680,0,680,701,1381,1959,1956
840,836,2342,3178,1270,4448,1963,1953
841,1684,1531,3215,986,4201,1976,1971
842,1424,1241,2665,2819,5484,1984,1979
843,2216,0,2216,1179,3395,1969,1965
844,4011,2584,6595,1147,7742,1998,1990
845,842,619,1461,2178,3639,1992,1988
846,1106,214,1320,5723,7043,1988,1978
847,NA,NA,NA,107,NA,NA,NA
848,1881,487,2368,3415,5783,1981,1976
849,2060,78,2138,3932,6070,1981,1974
850,564,38,602,5010,5612,2003,1997
851,1446,458,1904,3843,5747,2004,2001
852,1315,1659,2974,7952,10926,1995,1980
853,1318,381,1699,2118,3817,1995,1988
854,1532,292,1824,2234,4058,2002,1998
855,1201,936,2137,948,3085,1999,1998
856,1128,663,1791,1269,3060,1997,1994
857,1102,16195,17297,1041,18338,2003,1995
858,1774,166,1940,2279,4219,2005,1998
859,1176,137,1313,2372,3685,2001,1996
860,1198,1320,2518,1905,4423,1999,1991
861,2315,3158,5473,2853,8326,2001,1997
862,1197,0,1197,1459,2656,1998,1998
863,1118,0,1118,1908,3026,1994,1992
864,898,145,1043,1614,2657,1987,1979
865,1160,4841,6001,2872,8873,2000,1992
866,210,87,297,837,1134,1976,1963
867,553,355,908,1039,1947,1973,1963
868,537,765,1302,448,1750,1959,1937
869,1748,2498,4246,1005,5251,1968,1955
870,3140,1167,4307,163,4470,1988,1982
871,890,857,1747,956,2703,1971,1945
872,1531,2064,3595,1127,4722,1960,1940
873,3434,378,3812,774,4586,1961,1945
874,1435,185,1620,165,1785,1996,1973
875,11,66,77,0,77,1980,1968
876,979,96,1075,0,1075,1969,1945
877,1268,1048,2316,0,2316,1988,1978
878,2603,492,3095,35,3130,1983,1971
879,834,839,1673,0,1673,1979,1971
880,1393,559,1952,3963,5915,1992,1985
881,704,572,1276,2911,4187,1994,1987
882,1284,1316,2600,2347,4947,1999,1994
883,452,874,1326,593,1919,2001,1999
884,1568,851,2419,2041,4460,2001,1998
885,562,227,789,1047,1836,2002,2002
886,1242,1269,2511,2395,4906,1985,1982
887,1408,521,1929,2565,4494,1991,1989
888,2029,2909,4938,1423,6361,1996,1988
889,1485,845,2330,1365,3695,1993,1990
890,1918,4911,6829,3928,10757,1990,1985
891,1036,3872,4908,1035,5943,1996,1991
892,614,142,756,1765,2521,1997,1991
893,3486,284,3770,2099,5869,1986,1982
894,940,431,1371,1367,2738,1985,1980
895,1714,974,2688,1343,4031,1991,1986
896,680,41,721,1394,2115,1989,1987
897,1508,70,1578,4423,6001,1999,1994
898,2086,246,2332,3828,6160,1997,1990
899,59,2,61,592,653,1988,1983
900,277,5,282,2331,2613,1968,1952
901,1710,741,2451,7796,10247,1986,1966
902,1570,32,1602,1958,3560,1998,1993
903,1232,189,1421,2556,3977,2004,2003
904,770,0,770,1960,2730,1994,1990
905,1906,3226,5132,2764,7896,2002,2000
906,1787,380,2167,74,2241,1997,1987
907,1633,5994,7627,438,8065,1996,1980
908,860,15,875,0,875,1973,1948
909,1489,584,2073,87,2160,2001,1996
910,1160,259,1419,1586,3005,1975,1972
911,674,0,674,1129,1803,1973,1972
912,639,255,894,812,1706,1976,1974
913,699,0,699,1061,1760,1980,1974
914,1148,17,1165,761,1926,1991,1983
915,1211,1125,2336,44,2380,1970,1947
916,3,0,3,0,3,1973,1973
917,1637,302,1939,97,2036,1986,1984
918,911,347,1258,279,1537,1969,1952
919,2503,909,3412,146,3558,1971,1952
920,787,773,1560,351,1911,1952,1925
921,1024,132,1156,397,1553,1955,1940
922,890,358,1248,1815,3063,1995,1988
923,1299,390,1689,1666,3355,1986,1984
924,1220,253,1473,1036,2509,2008,2005
925,456,0,456,869,1325,2001,2000
926,1030,0,1030,1250,2280,2001,2001
927,752,0,752,877,1629,2001,2001
928,600,245,845,835,1680,2002,2001
929,1230,5,1235,1818,3053,2002,2002
930,652,17,669,819,1488,2002,2002
931,1046,44,1090,1365,2455,2001,2000
932,564,7,571,1677,2248,2006,2005
933,384,11,395,2347,2742,2004,2004
934,1370,28,1398,3712,5110,2005,2004
935,1044,293,1337,1695,3032,2004,2003
936,990,236,1226,1323,2549,2004,2003
937,1070,353,1423,1131,2554,2004,2003
938,767,0,767,2132,2899,2002,2002
939,1114,0,1114,1688,2802,2002,2001
940,3590,614,4204,7398,11602,2010,2007
941,1911,267,2178,1162,3340,1965,1951
942,1945,488,2433,382,2815,1966,1958
943,1728,473,2201,1405,3606,1963,1947
944,2322,1269,3591,1203,4794,1968,1950
945,2482,380,2862,1338,4200,1962,1946
946,2193,579,2772,869,3641,1964,1943
947,1882,836,2718,965,3683,1957,1939
948,1096,4981,6077,1336,7413,1962,1952
949,1421,1293,2714,351,3065,1979,1977
950,1401,281,1682,2043,3725,1970,1967
951,2121,12322,14443,1524,15967,2000,1995
952,1159,1116,2275,1398,3673,1984,1973
953,585,163,748,1022,1770,1989,1985
954,766,0,766,1516,2282,1987,1985
955,781,207,988,2681,3669,1979,1967
956,443,0,443,817,1260,1985,1982
957,858,730,1588,256,1844,1985,1979
958,1188,11103,12291,3303,15594,1962,1942
959,531,1379,1910,942,2852,1988,1981
960,673,1579,2252,1704,3956,1958,1939
961,432,74,506,889,1395,1990,1989
962,2321,489,2810,314,3124,1994,1991
963,1330,373,1703,1342,3045,1992,1988
964,1629,151,1780,1615,3395,1998,1994
965,1460,1291,2751,746,3497,1992,1989
966,1112,1044,2156,1238,3394,1961,1940
967,1036,245,1281,1210,2491,1983,1963
968,867,1020,1887,1517,3404,1959,1953
969,1090,98,1188,2969,4157,1988,1982
970,1410,1000,2410,1295,3705,1959,1945
971,1276,904,2180,5001,7181,1994,1983
972,2243,440,2683,422,3105,1967,1960
973,479,2070,2549,1199,3748,1971,1962
974,1767,345,2112,3815,5927,1979,1973
975,1113,415,1528,887,2415,1977,1973
976,630,1132,1762,2249,4011,1985,1974
977,641,1574,2215,2401,4616,1980,1965
978,1066,434,1500,1509,3009,1979,1976
979,1571,431,2002,1086,3088,1989,1986
980,950,228,1178,1630,2808,1995,1992
981,602,714,1316,978,2294,1954,1938
982,882,8215,9097,2512,11609,1969,1958
983,528,42,570,887,1457,1984,1983
984,1362,151,1513,1969,3482,1982,1980
985,1098,414,1512,1722,3234,1991,1982
986,1796,622,2418,3451,5869,1983,1975
987,1628,2765,4393,2689,7082,1970,1956
988,2244,1241,3485,2167,5652,1996,1985
989,1532,555,2087,1350,3437,1969,1957
990,679,301,980,0,980,1982,1973
991,2386,5613,7999,2523,10522,1967,1946
992,1423,1942,3365,1634,4999,1966,1952
993,1272,825,2097,1181,3278,1962,1946
994,1558,840,2398,1225,3623,1970,1956
995,1286,0,1286,2783,4069,1974,1969
996,880,352,1232,2456,3688,1979,1968
997,1807,596,2403,7822,10225,1998,1993
998,1153,0,1153,1061,2214,1992,1989
999,1289,1328,2617,1225,3842,1990,1973
1000,3233,5354,8587,9379,17966,2001,1995
1001,2382,41478,43860,8428,52288,1987,1977
1002,1067,17,1084,2174,3258,1988,1981
1003,3173,199,3372,344,3716,2003,1992
1004,1034,1563,2597,1590,4187,1998,1994
1005,1860,345,2205,3599,5804,1994,1982
1006,1000,0,1000,1337,2337,1990,1988
1007,1160,330,1490,1352,2842,1993,1987
1008,1726,820,2546,2921,5467,1998,1995
1009,1670,856,2526,2556,5082,1996,1993
1010,2586,854,3440,712,4152,2004,2002
1011,2010,512,2522,1389,3911,2001,1990
1012,1100,238,1338,1863,3201,1998,1990
1013,1106,432,1538,1393,2931,1995,1993
1014,1016,71,1087,2079,3166,1998,1997
1015,640,536,1176,1601,2777,1994,1986
1016,874,666,1540,1977,3517,1993,1986
1017,1132,237,1369,1438,2807,1993,1991
1018,1200,0,1200,1658,2858,1992,1988
1019,1184,159,1343,1834,3177,1990,1984
1020,2786,10043,12829,1590,14419,2006,2001
1021,2814,2897,5711,6502,12213,2004,2001
1022,2052,140,2192,4495,6687,1997,1993
1023,360,85,445,2047,2492,1989,1975
1024,1509,1581,3090,3294,6384,1990,1981
1025,1602,4976,6578,3705,10283,1990,1976
1026,1903,871,2774,1139,3913,1965,1956
1027,1546,196,1742,1134,2876,1979,1961
1028,1601,937,2538,1513,4051,1983,1972
1029,1162,665,1827,788,2615,1978,1965
1030,938,512,1450,491,1941,1989,1969
1031,729,403,1132,816,1948,1989,1970
1032,918,571,1489,584,2073,1974,1958
1033,1805,807,2612,2751,5363,2004,2001
1034,808,956,1764,1694,3458,2004,2003
1035,778,174,952,1555,2507,2004,2003
1036,706,402,1108,1462,2570,2002,2002
1037,636,283,919,1377,2296,2003,2003
1038,730,0,730,1650,2380,2003,2002
1039,860,0,860,1758,2618,2004,2004
1040,1166,296,1462,3071,4533,2004,2003
1041,4344,3185,7529,7682,15211,2002,1997
1042,2145,1590,3735,1407,5142,1993,1988
1043,1459,11,1470,3328,4798,1988,1985
1044,1336,984,2320,3275,5595,1989,1984
1045,3271,10344,13615,4158,17773,1996,1989
1046,1343,783,2126,2551,4677,1990,1983
1047,1242,584,1826,1462,3288,1997,1995
1048,1193,212,1405,2222,3627,1990,1981
1049,920,197,1117,1365,2482,1975,1965
1050,738,469,1207,1514,2721,1980,1967
1051,1176,765,1941,1522,3463,1992,1988
1052,1565,4170,5735,3042,8777,1980,1977
1053,1412,6,1418,2940,4358,1991,1989
1054,926,77,1003,2693,3696,1994,1990
1055,1178,590,1768,1638,3406,1966,1957
1056,1332,0,1332,1760,3092,1995,1991
1057,2119,1979,4098,1778,5876,1994,1988
1058,1144,3098,4242,2634,6876,1990,1982
1059,736,207,943,1533,2476,1994,1987
1060,2489,179,2668,597,3265,1991,1963
1061,2162,833,2995,609,3604,1991,1978
1062,860,967,1827,1925,3752,2003,1996
1063,1254,1611,2865,1793,4658,2006,2001
1064,1522,26,1548,2537,4085,1995,1992
1065,2621,214,2835,2605,5440,1995,1989
1066,716,1818,2534,1132,3666,1973,1953
1067,1768,316,2084,793,2877,2000,1987
1068,1337,195,1532,149,1681,1974,1970
1069,3183,2473,5656,683,6339,2005,1995
1070,750,0,750,925,1675,1992,1986
1071,3110,159,3269,571,3840,1987,1970
1072,972,182,1154,258,1412,1974,1970
1073,1070,2500,3570,2113,5683,1985,1974
1074,1659,6781,8440,2829,11269,1968,1949
1075,788,1039,1827,2273,4100,2013,2009
1076,1388,13,1401,1868,3269,2004,2002
1077,2266,1012,3278,4933,8211,2009,2005
1078,1350,220,1570,2375,3945,2005,2005
1079,1206,196,1402,2884,4286,2013,2009
1080,1216,5,1221,1232,2453,2001,2000
1081,1442,12,1454,1665,3119,2001,2000
1082,856,732,1588,1515,3103,2004,2004
1083,1174,7,1181,1666,2847,2004,2004
1084,574,470,1044,909,1953,2005,2004
1085,1754,0,1754,1279,3033,2005,2004
1086,1026,38,1064,1185,2249,2004,2002
1087,1311,38,1349,1967,3316,2006,2004
1088,1524,253,1777,1842,3619,2001,2000
1089,1316,504,1820,950,2770,1963,1956
1090,1469,1440,2909,1570,4479,1958,1943
1091,1438,962,2400,1508,3908,1956,1948
1092,5019,137,5156,442,5598,2002,1998
1093,2905,6302,9207,1923,11130,1987,1975
1094,776,429,1205,2674,3879,1985,1972
1095,1393,105,1498,4519,6017,1980,1970
1096,1193,1058,2251,1991,4242,1987,1968
1097,2475,1781,4256,1837,6093,1987,1968
1098,1438,145,1583,2316,3899,1983,1968
1099,2155,2140,4295,3512,7807,1978,1967
1100,565,3396,3961,1132,5093,1968,1952
1101,474,3629,4103,970,5073,1986,1969
1102,856,85,941,1970,2911,1997,1993
1103,470,568,1038,1829,2867,1994,1981
1104,1539,664,2203,1913,4116,1991,1986
1105,606,104,710,1411,2121,1990,1986
1106,1028,419,1447,2718,4165,1996,1986
1107,516,242,758,814,1572,1992,1989
1108,1568,451,2019,2313,4332,1985,1980
1109,1509,380,1889,1300,3189,1975,1956
1110,856,3981,4837,1062,5899,1976,1948
1111,3471,3483,6954,1208,8162,1993,1981
1112,1502,174,1676,1363,3039,1984,1981
1113,490,4,494,676,1170,1999,1994
1114,1762,79,1841,2611,4452,1994,1990
1115,630,2967,3597,1658,5255,1975,1946
1116,1438,2632,4070,2069,6139,1994,1987
1117,1044,1204,2248,1243,3491,1962,1952
1118,1158,8,1166,1810,2976,1994,1990
1119,1094,1406,2500,1467,3967,1973,1964
1120,1422,638,2060,1265,3325,1967,1953
1121,2659,729,3388,504,3892,1990,1979
1122,1646,351,1997,2820,4817,1997,1995
1123,1378,1098,2476,1726,4202,1993,1990
1124,715,5142,5857,4512,10369,1995,1986
1125,1363,3472,4835,1845,6680,1987,1980
1126,938,537,1475,1271,2746,1983,1979
1127,1491,1049,2540,1008,3548,1961,1956
1128,1603,812,2415,1224,3639,1964,1959
1129,3060,455,3515,693,4208,1974,1972
1130,1234,245,1479,1102,2581,1961,1957
1131,1665,415,2080,1626,3706,1963,1959
1132,1269,280,1549,90,1639,2003,1998
1133,908,74,982,1896,2878,1977,1968
1134,2185,2264,4449,1310,5759,1975,1971
1135,1906,177,2083,1639,3722,1985,1976
1136,1501,298,1799,2622,4421,1971,1968
1137,522,1133,1655,1436,3091,1999,1990
1138,1625,1847,3472,1388,4860,1979,1963
1139,1522,180,1702,1710,3412,1952,1948
1140,1215,299,1514,1878,3392,1970,1964
1141,885,1192,2077,1843,3920,1992,1983
1142,1825,3244,5069,1144,6213,1968,1951
1143,2194,689,2883,612,3495,1974,1949
1144,826,746,1572,263,1835,1952,1939
1145,1571,1311,2882,1399,4281,1958,1937
1146,1376,208,1584,3268,4852,1976,1965
1147,2019,3124,5143,872,6015,1967,1952
1148,1036,237,1273,1677,2950,1989,1983
1149,1223,463,1686,557,2243,1949,1937
1150,1665,1631,3296,1638,4934,1971,1958
1151,1117,1056,2173,1140,3313,1950,1945
1152,1180,689,1869,556,2425,1981,1978
1153,1048,1407,2455,1286,3741,1952,1945
1154,1574,528,2102,929,3031,1968,1953
1155,3358,140,3498,1852,5350,1999,1994
1156,875,2024,2899,861,3760,1965,1948
1157,2121,0,2121,207,2328,1984,1979
1158,NA,NA,NA,3734,NA,NA,NA
1159,710,10,720,4931,5651,1978,1963
1160,986,198,1184,1464,2648,1986,1982
1161,1460,115,1575,2341,3916,1985,1980
1162,963,818,1781,883,2664,1972,1967
1163,1237,12,1249,5088,6337,1987,1974
1164,1303,342,1645,1978,3623,1999,1995
1165,1130,399,1529,1283,2812,1996,1992
1166,1050,1833,2883,2531,5414,2001,1997
1167,1624,4229,5853,385,6238,2007,2004
1168,1223,55,1278,970,2248,1983,1980
1169,659,20196,20855,2389,23244,2000,1989
1171,0,3815,3815,1074,4889,2003,1992
1172,2313,787,3100,2732,5832,1986,1982
1173,2106,389,2495,2380,4875,1983,1978
1174,2705,1481,4186,3943,8129,2000,1997
1175,1027,6,1033,4130,5163,2004,1994
1176,1028,37,1065,2126,3191,2002,1999
1178,1664,668,2332,7908,10240,1995,1983
1179,27,0,27,266,293,1996,1977
1180,1020,236,1256,1885,3141,1995,1993
1181,946,273,1219,2173,3392,1995,1990
1182,1504,440,1944,714,2658,1997,1991
1183,3364,433,3797,2797,6594,2008,2000
1184,1495,372,1867,3251,5118,1993,1987
1185,1288,55,1343,2381,3724,1992,1990
1186,1042,153,1195,2414,3609,1997,1996
1187,1172,149,1321,2775,4096,2000,1997
1188,666,295,961,1809,2770,2006,1999
1189,1036,1482,2518,2771,5289,1998,1991
1190,1017,1007,2024,3531,5555,1996,1989
1191,2981,1076,4057,3090,7147,1992,1988
1192,1582,805,2387,3175,5562,1994,1993
1193,1816,357,2173,3435,5608,1996,1995
1194,2331,673,3004,4976,7980,1996,1993
1195,3407,22,3429,5562,8991,2007,2003
1196,834,2,836,1910,2746,2007,2003
1197,1782,244,2026,2741,4767,2005,2004
1198,1486,614,2100,2838,4938,2005,2004
1199,1612,1059,2671,2949,5620,2008,2004
1200,1708,502,2210,3008,5218,2008,2006
1201,2101,310,2411,1306,3717,1993,1982
1202,1520,342,1862,1809,3671,1983,1980
1203,2539,1512,4051,1559,5610,2000,1986
1204,1288,849,2137,1358,3495,1986,1978
1205,764,0,764,0,764,1984,1984
1206,714,457,1171,846,2017,1988,1982
1207,730,95,825,27,852,1973,1968
1208,950,180,1130,22,1152,1978,1973
1209,1028,713,1741,165,1906,1981,1972
1210,1189,239,1428,220,1648,1980,1967
1211,951,312,1263,318,1581,1973,1970
1212,1131,95,1226,731,1957,1987,1979
1213,1441,2105,3546,2279,5825,1967,1958
1214,1771,1617,3388,1879,5267,1975,1967
1215,6338,0,6338,0,6338,1994,1987
1216,412,272,684,2700,3384,1997,1992
1217,1656,1333,2989,7168,10157,2002,1997
1218,804,21,825,1287,2112,1985,1969
1219,1218,22,1240,1104,2344,1993,1984
1220,2462,3326,5788,321,6109,1984,1974
1221,620,471,1091,900,1991,1974,1971
1222,722,288,1010,1436,2446,1985,1978
1223,1004,0,1004,1734,2738,1977,1975
1224,924,75,999,1529,2528,1991,1978
1225,1331,286,1617,841,2458,1983,1971
1226,564,0,564,1527,2091,1973,1971
1227,1012,378,1390,1270,2660,1972,1966
1228,1247,692,1939,206,2145,1980,1973
1229,1131,2451,3582,921,4503,1966,1953
1230,1077,1252,2329,276,2605,1941,1923
1231,1074,270,1344,2654,3998,1983,1964
1232,1430,353,1783,1615,3398,1995,1992
1233,2112,221,2333,2757,5090,2003,2001
1234,426,29,455,665,1120,2003,1999
1235,1291,334,1625,1820,3445,2002,1995
1236,1775,1294,3069,2639,5708,2002,1997
1237,1296,643,1939,1909,3848,1966,1946
1238,506,162,668,965,1633,1990,1972
1239,512,300,812,1895,2707,1989,1969
1240,1182,214,1396,2089,3485,2007,2000
1241,486,187,673,1468,2141,1983,1965
1242,948,53,1001,1192,2193,1986,1975
1243,974,101,1075,1725,2800,1978,1969
1244,2278,2779,5057,1660,6717,1952,1933
1245,465,2742,3207,904,4111,1955,1940
1246,1090,2446,3536,619,4155,1962,1938
1247,2240,1788,4028,878,4906,1964,1944
1248,1573,1026,2599,2447,5046,1964,1946
1249,1395,314,1709,1591,3300,1965,1961
1250,1585,428,2013,1848,3861,1968,1963
1251,1391,6,1397,397,1794,1981,1978
1252,1139,343,1482,1460,2942,1954,1949
1253,1475,154,1629,1882,3511,1966,1956
1254,2373,31,2404,2003,4407,1967,1955
1255,1526,21,1547,2237,3784,2002,1999
1256,1328,757,2085,1613,3698,2001,2000
1257,2034,588,2622,1539,4161,1989,1974
1258,1572,289,1861,430,2291,1988,1981
1259,2077,265,2342,0,2342,1980,1970
1260,184,1558,1742,802,2544,1997,1994
1261,2503,376,2879,4645,7524,2009,2006
1266,1454,2632,4086,646,4732,1992,1987
1267,1478,1334,2812,119,2931,2006,2005
1268,1214,224,1438,2202,3640,1992,1990
1269,1330,27,1357,1749,3106,1998,1997
1270,1598,1313,2911,2776,5687,2001,2000
1271,2879,278,3157,3247,6404,1992,1989
1272,1767,1369,3136,2734,5870,1984,1976
1273,886,310,1196,1245,2441,1996,1994
1274,706,433,1139,441,1580,1993,1987
1275,1509,552,2061,1972,4033,1991,1988
1276,1951,131,2082,2155,4237,1976,1968
1277,1823,436,2259,2280,4539,1991,1985
1278,274,160,434,580,1014,1995,1991
1279,1875,2454,4329,1567,5896,1991,1988
1280,1412,526,1938,1302,3240,1985,1977
1281,919,723,1642,1199,2841,1984,1980
1282,1676,1100,2776,762,3538,1990,1983
1283,626,1312,1938,632,2570,1983,1979
1284,2318,550,2868,1196,4064,1983,1980
1285,790,532,1322,1023,2345,1981,1980
1286,768,509,1277,1387,2664,1980,1978
1287,1333,4135,5468,143,5611,1997,1987
1288,1428,304,1732,1485,3217,1978,1976
1289,1364,609,1973,1503,3476,1981,1979
1290,1573,1473,3046,809,3855,1995,1989
1291,1062,0,1062,1492,2554,1990,1988
1292,1210,1410,2620,2284,4904,1985,1980
1293,913,871,1784,213,1997,1981,1973
1294,1521,456,1977,928,2905,1995,1983
1295,1800,1621,3421,2342,5763,1984,1979
1296,1711,1579,3290,1115,4405,1972,1960
1297,1453,1257,2710,2664,5374,1984,1974
1298,1356,1112,2468,1519,3987,1960,1950
1299,1690,850,2540,1490,4030,1968,1957
1300,3006,1288,4294,1065,5359,1970,1964
1301,907,1448,2355,2364,4719,1974,1965
1302,1787,1555,3342,2528,5870,1980,1971
1303,1220,314,1534,2388,3922,1973,1965
1304,1251,225,1476,2058,3534,1979,1975
1305,996,2860,3856,2390,6246,1981,1973
1306,842,424,1266,944,2210,1948,1940
1307,1433,329,1762,1309,3071,1969,1968
1308,4788,2199,6987,54,7041,1993,1982
1309,943,275,1218,1678,2896,1978,1976
1310,1023,419,1442,1453,2895,1976,1969
1311,1011,894,1905,1155,3060,1961,1949
1312,980,1346,2326,788,3114,1960,1944
1313,826,488,1314,1205,2519,1950,1942
1314,2131,890,3021,1406,4427,1981,1959
1315,2288,90,2378,1325,3703,1961,1948
1316,544,555,1099,486,1585,1964,1960
1317,1593,1142,2735,661,3396,1967,1947
1318,1581,8130,9711,5252,14963,1982,1961
1319,1160,850,2010,1457,3467,1994,1993
1320,1878,6800,8678,660,9338,1993,1986
1321,1378,1764,3142,1084,4226,1943,1920
1322,1221,286,1507,1358,2865,1954,1943
1323,80,4826,4906,1568,6474,1963,1939
1324,897,1885,2782,1096,3878,1944,1913
1325,1280,4420,5700,1611,7311,1941,1917
1326,670,2161,2831,1272,4103,1946,1920
1327,1446,1097,2543,635,3178,1961,1942
1328,2452,1872,4324,726,5050,1976,1935
1329,761,450,1211,397,1608,1941,1908
1330,1257,784,2041,892,2933,1969,1957
1331,1353,1295,2648,919,3567,1956,1943
1332,1962,822,2784,3543,6327,2000,1997
1333,4054,1723,5777,3618,9395,2001,1997
1334,496,1247,1743,3204,4947,2005,1993
1335,836,2024,2860,4520,7380,1994,1982
1336,2224,1291,3515,13585,17100,1999,1989
1337,1656,2171,3827,5135,8962,2012,2009
1338,2421,3726,6147,1871,8018,2001,1988
1339,1319,25,1344,2095,3439,1997,1989
1340,854,612,1466,871,2337,1996,1985
1341,2369,260,2629,260,2889,2002,1992
1342,2484,76,2560,769,3329,1998,1989
1343,269,0,269,1061,1330,1974,1957
1344,3753,0,3753,514,4267,1993,1987
1345,215,553,768,374,1142,1981,1969
1346,2227,0,2227,83,2310,2003,1994
1347,1055,371,1426,113,1539,1993,1981
1348,1216,0,1216,548,1764,1984,1982
1349,1087,11,1098,1416,2514,1995,1990
1350,1290,0,1290,22,1312,1992,1978
1351,840,806,1646,893,2539,1994,1991
1352,834,105,939,674,1613,1990,1984
1353,1104,0,1104,1502,2606,1995,1994
1354,646,386,1032,931,1963,1996,1992
1355,1412,1160,2572,2379,4951,1996,1994
1356,1186,383,1569,2344,3913,1993,1980
1357,1785,529,2314,3156,5470,1997,1990
1358,3293,5102,8395,2609,11004,2002,1997
1359,2224,262,2486,2731,5217,1979,1976
1360,2760,2286,5046,5812,10858,2005,2000
1361,1487,216,1703,4310,6013,1995,1988
1362,30,2,32,458,490,1997,1986
1363,2,0,2,127,129,NA,NA
1365,787,232,1019,1209,2228,1988,1984
1366,1369,85,1454,551,2005,1984,1982
1367,1213,450,1663,1169,2832,1984,1972
1368,752,793,1545,2629,4174,1978,1959
1369,952,392,1344,0,1344,1972,1948
1370,2140,659,2799,4879,7678,1993,1988
1371,64,0,64,908,972,2007,2004
1372,3093,132,3225,0,3225,1994,1991
1373,2462,5026,7488,1484,8972,1995,1992
1374,528,1373,1901,548,2449,1995,1992
1375,2828,0,2828,6635,9463,2000,1998
1376,644,0,644,2735,3379,1996,1993
1377,796,1066,1862,3453,5315,1997,1993
1378,1392,755,2147,3211,5358,1995,1985
1379,1456,0,1456,1822,3278,1994,1990
1380,1292,0,1292,1715,3007,1992,1989
1381,950,49,999,1839,2838,1991,1988
1382,734,3201,3935,1540,5475,1989,1986
1383,1455,211,1666,1494,3160,1991,1986
1384,1408,1333,2741,2855,5596,2001,1998
1385,1042,194,1236,1117,2353,1996,1995
1386,666,0,666,739,1405,1987,1984
1387,1090,1242,2332,446,2778,1985,1979
1388,542,0,542,717,1259,1973,1966
1389,479,198,677,754,1431,1972,1969
1390,607,1445,2052,899,2951,1999,1986
1391,1169,1583,2752,351,3103,1982,1970
1392,649,88,737,937,1674,1965,1957
1393,987,533,1520,863,2383,1972,1957
1394,540,0,540,869,1409,1960,1960
1395,546,0,546,1065,1611,1977,1974
1396,458,59,517,817,1334,1962,1956
1397,686,1595,2281,824,3105,1987,1976
1398,538,94,632,1237,1869,1966,1958
1399,1121,2686,3807,170,3977,1977,1964
1400,550,673,1223,1051,2274,1976,1970
1401,676,0,676,1385,2061,1981,1978
1402,606,0,606,754,1360,1957,1956
1403,758,19,777,979,1756,1958,1954
1404,672,151,823,90,913,1967,1951
1405,1155,641,1796,133,1929,1984,1960
1406,1838,8,1846,451,2297,1971,1958
1407,1464,185,1649,341,1990,1961,1952
1408,708,81,789,1548,2337,2003,2001
1409,591,558,1149,1096,2245,2001,2000
1410,1350,0,1350,1713,3063,2003,2003
1411,1178,7,1185,1541,2726,2003,2001
1412,2082,167,2249,2990,5239,2005,2003
1413,1626,477,2103,2032,4135,2005,2002
1414,1446,57,1503,2867,4370,2005,2004
1415,892,5,897,1303,2200,1999,1998
1416,1073,1734,2807,1628,4435,1999,1997
1417,784,348,1132,992,2124,1999,1996
1418,1104,697,1801,789,2590,2000,1998
1419,2567,3348,5915,3347,9262,2004,2001
1420,1374,1068,2442,966,3408,1998,1995
1421,940,884,1824,1737,3561,2000,1998
1422,1500,1628,3128,2481,5609,1999,1997
1423,1820,1534,3354,3737,7091,2000,2000
1424,924,1307,2231,1014,3245,1964,1940
1425,1035,555,1590,2402,3992,1971,1943
1426,1115,1531,2646,3143,5789,1961,1937
1427,1548,859,2407,4903,7310,1977,1961
1428,2825,825,3650,3614,7264,1983,1977
1429,2268,1344,3612,2560,6172,1982,1975
1430,1796,537,2333,2818,5151,1987,1985
1431,1250,658,1908,1787,3695,1981,1975
1432,2415,16090,18505,5744,24249,1984,1970
1433,1230,468,1698,1455,3153,1985,1978
1434,1238,157,1395,1276,2671,1991,1978
1435,1442,705,2147,866,3013,1981,1977
1436,1199,123,1322,1853,3175,1981,1978
1437,610,390,1000,1094,2094,1981,1978
1438,1200,331,1531,1626,3157,1983,1976
1439,1910,42,1952,1504,3456,1982,1978
1440,978,589,1567,957,2524,1978,1975
1441,1237,1216,2453,1639,4092,1989,1982
1442,2575,221,2796,1794,4590,1986,1973
1443,1796,976,2772,2143,4915,1981,1979
1444,1562,3577,5139,2118,7257,1979,1976
1445,954,295,1249,1474,2723,1977,1975
1446,1514,224,1738,2692,4430,1979,1977
1447,1752,1434,3186,3338,6524,1983,1973
1448,2326,683,3009,2002,5011,1984,1978
1449,1662,1791,3453,1687,5140,1981,1964
1450,726,828,1554,1109,2663,1986,1982
1451,1238,81,1319,2759,4078,1992,1983
1452,950,956,1906,1743,3649,1984,1980
1453,1539,1172,2711,1151,3862,1980,1972
1454,1214,794,2008,2711,4719,1991,1977
1455,1152,20,1172,2237,3409,1983,1979
1456,2106,1193,3299,2270,5569,1968,1948
1457,928,82,1010,1505,2515,1952,1945
1458,1496,6,1502,1412,2914,1979,1978
1459,1178,1221,2399,3463,5862,1978,1967
1460,1052,1007,2059,1471,3530,1994,1985
1461,1048,742,1790,2196,3986,1981,1978
1462,1935,582,2517,1104,3621,1975,1970
1463,970,394,1364,1662,3026,1987,1980
1464,1071,84,1155,2531,3686,1968,1950
1465,985,451,1436,1213,2649,1967,1955
1466,834,29,863,2168,3031,1961,1950
1467,2287,1173,3460,934,4394,1956,1943
1468,1790,2790,4580,1924,6504,1969,1948
1469,1496,557,2053,1235,3288,1952,1941
1470,1030,228,1258,1900,3158,1996,1994
1471,942,84,1026,1697,2723,1982,1977
1472,1180,223,1403,2443,3846,1986,1982
1473,1495,199,1694,2070,3764,1994,1984
1474,1602,2139,3741,2628,6369,1971,1950
1475,936,556,1492,835,2327,1991,1984
1476,904,29,933,2551,3484,1975,1972
1477,1836,711,2547,2783,5330,1983,1978
1478,992,1307,2299,406,2705,1989,1987
1479,1622,1356,2978,2091,5069,1988,1965
1480,1447,208,1655,2400,4055,1977,1962
1481,2,4,6,266,272,1975,1959
1482,1412,1707,3119,264,3383,1983,1973
1483,876,0,876,1156,2032,1990,1988
1484,1309,600,1909,2993,4902,1992,1974
1485,623,8,631,1151,1782,1978,1957
1486,969,269,1238,1340,2578,1975,1971
1487,939,1385,2324,1035,3359,1955,1942
1488,2255,7188,9443,354,9797,1998,1997
1489,1606,1158,2764,1617,4381,1950,1938
1490,1002,0,1002,1251,2253,1971,1968
1491,2428,50,2478,1711,4189,1970,1963
1492,2314,3042,5356,2836,8192,2004,2001
1493,890,375,1265,2721,3986,2009,2004
1494,1259,896,2155,3799,5954,2004,1992
1495,1178,303,1481,6059,7540,1995,1985
1496,1826,1630,3456,5663,9119,2006,2002
1497,1667,2284,3951,10683,14634,2013,2008
1498,1564,2522,4086,3353,7439,2007,2002
1499,1719,3874,5593,6549,12142,2011,2003
1500,1356,1196,2552,3903,6455,2005,2002
1501,2556,4739,7295,6852,14147,2005,2003
1502,864,1411,2275,1732,4007,1994,1992
1503,652,2492,3144,1733,4877,1993,1990
1504,816,4097,4913,1302,6215,2002,1994
1505,2133,652,2785,2806,5591,1978,1977
1506,1827,447,2274,1648,3922,2003,1999
1507,1486,1578,3064,1801,4865,1996,1994
1508,672,0,672,1119,1791,1993,1989
1509,866,6,872,1268,2140,1991,1987
1510,1297,1101,2398,1311,3709,1997,1988
1511,1909,1564,3473,1526,4999,1991,1984
1512,1240,483,1723,1943,3666,1991,1983
1513,1255,324,1579,1965,3544,1988,1984
1514,1905,636,2541,4140,6681,1997,1993
1515,1147,956,2103,2270,4373,1994,1987
1516,774,195,969,1313,2282,1995,1994
1517,1871,111,1982,1998,3980,1989,1985
1518,1669,57,1726,593,2319,1989,1985
1519,1364,668,2032,1059,3091,1990,1981
1520,1333,558,1891,2652,4543,1981,1967
1521,1008,199,1207,607,1814,1982,1966
1522,1064,536,1600,2510,4110,1990,1984
1523,1228,1768,2996,2936,5932,1994,1988
1524,856,16,872,1586,2458,1989,1983
1525,3881,2609,6490,1702,8192,1995,1989
1526,2388,1303,3691,2592,6283,1989,1984
1527,1557,1071,2628,1707,4335,1979,1963
1528,1730,1106,2836,1542,4378,1975,1965
1529,3223,989,4212,2453,6665,1994,1981
1530,1634,374,2008,2337,4345,1997,1993
1531,1359,779,2138,1409,3547,1989,1986
1532,746,15,761,2126,2887,2000,1999
1533,2148,469,2617,7029,9646,2000,1995
1534,4424,138,4562,5987,10549,1998,1992
1535,1625,2063,3688,5262,8950,1996,1989
1536,6981,1520,8501,8329,16830,2004,1995
1537,1518,4962,6480,1822,8302,1996,1988
1538,488,352,840,639,1479,1974,1969
1539,184,2088,2272,587,2859,1983,1975
1540,516,944,1460,1145,2605,1982,1975
1541,721,0,721,1448,2169,1969,1966
1542,1232,413,1645,2498,4143,1967,1966
1543,976,430,1406,1981,3387,1961,1958
1544,870,451,1321,1459,2780,1961,1960
1545,1048,732,1780,1216,2996,1963,1957
1546,2310,42,2352,2132,4484,2001,1993
1547,1961,959,2920,482,3402,1967,1952
1548,2792,7439,10231,0,10231,2002,1996
1549,843,1290,2133,0,2133,1981,1966
1550,1111,411,1522,1378,2900,1978,1965
1551,646,1730,2376,126,2502,1994,1988
1552,691,1519,2210,209,2419,1978,1966
1553,2282,2377,4659,6770,11429,1988,1969
1554,2463,3218,5681,10735,16416,1979,1963
1555,1040,863,1903,2305,4208,1986,1976
1556,452,641,1093,926,2019,1978,1968
1557,2808,1642,4450,2202,6652,1989,1975
1558,2292,0,2292,2034,4326,1981,1968
1559,1142,1036,2178,730,2908,1967,1951
1560,380,388,768,502,1270,2002,2001
1561,974,604,1578,545,2123,1997,1995
1562,1070,2,1072,1411,2483,1999,1998
1563,968,0,968,1371,2339,2001,2000
1564,864,125,989,1002,1991,1999,1997
1565,1692,1793,3485,2193,5678,2003,2002
1566,2006,938,2944,2298,5242,2004,2003
1567,2144,359,2503,2801,5304,2004,2004
1568,1678,542,2220,2369,4589,2006,2004
1569,2636,459,3095,4298,7393,2010,2007
1570,1948,175,2123,2625,4748,2000,1995
1571,1825,188,2013,3143,5156,2007,2004
1572,1818,1010,2828,4114,6942,2006,1997
1573,2011,657,2668,3835,6503,2003,1994
1574,1888,163,2051,3149,5200,1979,1978
1575,1378,566,1944,1879,3823,1982,1980
1576,1824,416,2240,3170,5410,1981,1978
1577,1488,907,2395,3611,6006,1990,1988
1578,2494,6637,9131,4685,13816,1988,1982
1579,1133,665,1798,1319,3117,1983,1979
1580,1905,0,1905,884,2789,1983,1981
1581,671,438,1109,811,1920,1983,1980
1582,841,2246,3087,886,3973,1981,1979
1583,541,7654,8195,1008,9203,1974,1968
1584,1441,16,1457,2623,4080,1968,1959
1585,1072,678,1750,2042,3792,1975,1969
1586,1274,201,1475,908,2383,1966,1956
1587,1581,130,1711,561,2272,1967,1958
1588,803,356,1159,702,1861,1961,1945
1589,893,0,893,970,1863,1965,1962
1590,723,0,723,880,1603,1973,1971
1591,934,311,1245,502,1747,1963,1958
1592,570,0,570,1230,1800,1981,1978
1593,712,0,712,998,1710,1957,1954
1594,1390,406,1796,1539,3335,1954,1950
1595,1445,309,1754,1002,2756,1969,1953
1596,756,1137,1893,1564,3457,1963,1950
1597,317,9787,10104,725,10829,1975,1961
1598,1816,264,2080,1178,3258,1974,1971
1599,2329,1920,4249,1928,6177,1976,1970
1600,2183,6352,8535,326,8861,1996,1993
1601,791,1319,2110,1102,3212,1974,1970
1602,1096,395,1491,1889,3380,1981,1974
1603,4237,230,4467,1503,5970,1992,1986
1604,1455,306,1761,555,2316,1993,1988
1605,1639,530,2169,978,3147,1977,1973
1606,1672,842,2514,3548,6062,1980,1975
1607,2206,323,2529,1831,4360,1990,1986
1608,1759,2579,4338,1570,5908,1966,1948
1609,1268,301,1569,1339,2908,1966,1950
1610,2420,935,3355,919,4274,1983,1979
1611,2124,1398,3522,461,3983,1969,1943
1612,1577,844,2421,2167,4588,1966,1952
1613,2042,7364,9406,2350,11756,1991,1987
1614,992,1783,2775,1760,4535,1984,1981
1615,1879,198,2077,1193,3270,1969,1961
1616,1058,25,1083,2722,3805,1975,1968
1617,1320,3030,4350,2416,6766,1975,1972
1618,4014,1924,5938,3093,9031,1983,1978
1619,9,383,392,1639,2031,1982,1975
1620,940,863,1803,3620,5423,1992,1983
1621,703,1253,1956,1721,3677,1977,1960
1622,620,6738,7358,1565,8923,1958,1936
1623,2780,7883,10663,941,11604,1999,1981
1624,1693,125,1818,1158,2976,1972,1968
1625,610,3116,3726,1458,5184,1976,1971
1626,2356,1142,3498,1331,4829,1979,1968
1627,1305,1655,2960,472,3432,1967,1953
1628,1511,371,1882,144,2026,1976,1968
1629,2785,1388,4173,921,5094,1976,1967
1630,1523,4277,5800,1704,7504,1969,1947
1631,1265,552,1817,2037,3854,1977,1972
1632,1621,1059,2680,3076,5756,1981,1974
1633,1282,849,2131,1653,3784,1954,1935
1634,1233,1245,2478,1444,3922,1962,1943
1635,1032,677,1709,850,2559,1942,1915
1636,928,1455,2383,1168,3551,1979,1976
1637,1073,799,1872,1424,3296,1945,1934
1638,1571,811,2382,1025,3407,1987,1964
1639,1686,470,2156,1121,3277,1946,1917
1640,1338,2589,3927,493,4420,1961,1930
1641,2304,502,2806,5578,8384,2006,2001
1642,1338,872,2210,6648,8858,2005,2000
1643,1898,806,2704,3870,6574,2006,2003
1644,1656,1271,2927,1889,4816,2005,2002
1645,3730,4876,8606,6519,15125,2011,2005
1646,852,698,1550,1122,2672,2001,2000
1647,2366,470,2836,2552,5388,2003,2001
1648,1090,468,1558,1413,2971,1992,1989
1649,1010,0,1010,1199,2209,1993,1988
1650,748,17,765,1283,2048,1994,1994
1651,1132,325,1457,1628,3085,1993,1989
1652,505,632,1137,2007,3144,1989,1976
1653,1810,262,2072,1872,3944,1991,1976
1654,620,86,706,2626,3332,1990,1981
1655,996,198,1194,1400,2594,1991,1981
1656,2236,50,2286,905,3191,1998,1990
1657,1216,818,2034,977,3011,1996,1991
1658,942,34,976,1452,2428,1997,1988
1659,3015,1611,4626,834,5460,1986,1967
1660,2540,1802,4342,356,4698,1983,1975
1661,1681,409,2090,830,2920,1984,1979
1662,1040,92,1132,319,1451,1998,1997
1663,606,0,606,225,831,1978,1968
1664,756,272,1028,877,1905,1971,1969
1665,894,18,912,953,1865,1979,1974
1666,1423,16951,18374,4572,22946,1977,1970
1667,2532,4114,6646,388,7034,1986,1976
1668,2063,1106,3169,608,3777,1977,1953
1669,974,521,1495,889,2384,1958,1941
1670,2012,2114,4126,625,4751,1980,1956
1671,1327,1718,3045,411,3456,1971,1951
1672,1043,90,1133,1587,2720,1987,1982
1673,2412,69,2481,2647,5128,1986,1984
1674,1508,1438,2946,1227,4173,1986,1984
1675,4212,327,4539,2062,6601,1989,1980
1676,3017,1633,4650,3934,8584,1989,1976
1677,908,158,1066,1168,2234,1985,1967
1678,797,868,1665,964,2629,1991,1974
1679,632,942,1574,2099,3673,1985,1969
1680,1483,358,1841,2954,4795,1974,1962
1681,544,212,756,1217,1973,2002,1988
1682,2108,1635,3743,279,4022,1993,1987
1683,1267,301,1568,190,1758,1988,1981
1684,1592,88,1680,3048,4728,2000,1997
1685,3944,2142,6086,7415,13501,2002,1997
1686,1272,0,1272,2603,3875,1997,1996
1687,1074,551,1625,2151,3776,1999,1998
1688,3392,9311,12703,1705,14408,2003,2000
1689,1226,0,1226,2269,3495,1997,1996
1690,4965,3801,8766,469,9235,1999,1993
1691,656,393,1049,1262,2311,1987,1983
1692,785,52,837,456,1293,1983,1980
1693,1474,434,1908,234,2142,1981,1981
1694,1164,908,2072,1941,4013,1980,1977
1695,1299,212,1511,1715,3226,1982,1978
1696,1212,300,1512,1325,2837,1980,1979
1697,976,1096,2072,1705,3777,1986,1979
1698,788,1099,1887,1237,3124,1980,1975
1699,1134,698,1832,1696,3528,1983,1978
1700,1384,796,2180,2235,4415,1998,1996
1701,682,2004,2686,2030,4716,1991,1982
1702,1660,1977,3637,2027,5664,1990,1980
1703,1426,2738,4164,5268,9432,1986,1974
1704,2,0,2,443,445,1980,1980
1705,1334,292,1626,2476,4102,1988,1982
1706,1184,106,1290,3266,4556,1985,1980
1707,2223,1306,3529,3259,6788,1991,1981
1708,971,512,1483,1964,3447,1986,1978
1709,854,348,1202,2993,4195,1993,1987
1710,858,1828,2686,1292,3978,1995,1991
1711,1296,1516,2812,21,2833,1998,1996
1712,2216,1404,3620,1274,4894,2004,2003
1713,2407,692,3099,4408,7507,1999,1997
1714,2383,2567,4950,3607,8557,2007,2002
1715,1290,4804,6094,2250,8344,2005,2002
1716,1140,3717,4857,1777,6634,2002,1999
1717,820,328,1148,1003,2151,2001,1999
1718,1186,286,1472,1413,2885,2002,2001
1719,1372,292,1664,2645,4309,2009,2005
1720,2106,1184,3290,2091,5381,1989,1979
1721,1924,650,2574,2807,5381,1999,1995
1722,1175,28,1203,1952,3155,1979,1979
1723,3255,390,3645,2839,6484,2005,2000
1724,1674,2991,4665,2914,7579,2004,1998
1725,1747,10429,12176,1600,13776,1990,1973
1726,872,1090,1962,1123,3085,1961,1943
1727,2691,3617,6308,1592,7900,1987,1979
1728,832,764,1596,800,2396,1964,1953
1729,1471,4785,6256,2116,8372,1956,1942
1730,933,45,978,1542,2520,1971,1970
1731,1037,618,1655,1641,3296,1970,1968
1732,1133,1157,2290,1096,3386,1961,1951
1733,1312,592,1904,1177,3081,1959,1951
1734,1029,48,1077,1545,2622,1959,1954
1735,957,408,1365,1113,2478,1954,1951
1736,484,2,486,655,1141,1956,1952
1737,1049,108,1157,1468,2625,1968,1965
1738,729,4484,5213,2005,7218,1970,1954
1739,550,688,1238,300,1538,1979,1975
1740,1248,720,1968,1376,3344,1961,1953
1741,1331,339,1670,1313,2983,1963,1955
1742,1322,334,1656,1095,2751,1967,1951
1743,1495,871,2366,1737,4103,1969,1956
1744,2461,2051,4512,1093,5605,1993,1987
1745,985,12,997,1931,2928,1983,1981
1746,768,79,847,1192,2039,1986,1983
1747,1190,400,1590,3052,4642,1985,1978
1748,1040,79,1119,2002,3121,1988,1986
1749,621,3097,3718,1766,5484,1967,1958
1750,1226,967,2193,1153,3346,1956,1942
1751,580,3547,4127,1095,5222,1954,1929
1752,1891,867,2758,1373,4131,1967,1956
1753,646,3742,4388,825,5213,1950,1926
1754,1310,2517,3827,1197,5024,1956,1930
1755,NA,NA,NA,0,NA,NA,NA
1756,2157,1400,3557,3553,7110,1971,1964
1757,4719,17540,22259,4158,26417,1995,1988
1758,NA,NA,NA,1571,NA,NA,NA
1759,2793,831,3624,4392,8016,1980,1959
1760,1764,389,2153,1239,3392,1975,1972
1761,1285,370,1655,1032,2687,1986,1978
1762,5763,5924,11687,2943,14630,1984,1975
1763,1927,1090,3017,81,3098,1991,1987
1764,922,88,1010,1695,2705,1988,1980
1765,842,88,930,1705,2635,1980,1977
1766,990,420,1410,3030,4440,1975,1970
1767,1913,171,2084,537,2621,1984,1979
1768,890,1171,2061,2152,4213,1979,1972
1769,994,888,1882,1420,3302,1991,1986
1770,1461,718,2179,1784,3963,1966,1962
1771,1149,1322,2471,1902,4373,1973,1969
1772,1525,4578,6103,6243,12346,1981,1966
1773,1405,33,1438,399,1837,1987,1983
1774,950,3642,4592,3265,7857,1978,1975
1775,3439,3355,6794,3063,9857,1983,1976
1776,1279,1958,3237,1307,4544,1934,1916
1777,1300,4351,5651,898,6549,1958,1928
1778,2520,2330,4850,1096,5946,1967,1935
1779,1318,224,1542,2514,4056,1974,1958
1780,456,317,773,1269,2042,1989,1981
1781,1113,1002,2115,1400,3515,1959,1946
1782,876,359,1235,1505,2740,1939,1928
1783,720,279,999,962,1961,1992,1990
1784,2384,3338,5722,1541,7263,1981,1963
1785,2248,4581,6829,1931,8760,2004,2001
1786,522,57,579,1153,1732,2003,2002
1787,1694,191,1885,4461,6346,2003,2002
1788,1859,0,1859,2384,4243,2002,2001
1789,1482,0,1482,3353,4835,2002,2001
1790,2276,851,3127,5690,8817,2009,2005
1791,2164,1563,3727,8963,12690,2006,1999
1792,3628,876,4504,13217,17721,2008,2001
1793,1241,4135,5376,226,5602,1998,1986
1794,764,1060,1824,980,2804,1980,1977
1795,1505,0,1505,169,1674,1998,1994
1796,1898,4950,6848,23,6871,1999,1995
1797,1086,0,1086,758,1844,1987,1985
1798,1115,356,1471,1622,3093,1988,1985
1799,954,111,1065,1055,2120,1994,1987
1800,898,105,1003,3883,4886,1996,1988
1801,1790,144,1934,3297,5231,1996,1994
1802,886,380,1266,782,2048,1957,1946
1803,3856,1193,5049,100,5149,1991,1975
1804,1800,622,2422,671,3093,1989,1971
1805,1492,1549,3041,299,3340,1981,1972
1806,960,1934,2894,346,3240,1988,1971
1807,2046,505,2551,590,3141,1970,1960
1808,1711,0,1711,384,2095,1971,1969
1809,1966,386,2352,789,3141,1970,1963
1810,1010,0,1010,299,1309,1973,1972
1811,2204,1363,3567,614,4181,1987,1967
1812,2102,39,2141,1330,3471,1964,1961
1813,944,273,1217,943,2160,1963,1956
1814,6185,0,6185,733,6918,1977,1971
1815,1683,77,1760,2583,4343,1984,1981
1816,796,136,932,1499,2431,1993,1982
1817,849,147,996,1665,2661,1975,1963
1818,826,24,850,1728,2578,1984,1978
1819,1122,323,1445,3563,5008,1989,1978
1820,2129,481,2610,7029,9639,2001,1996
1821,2087,139,2226,1534,3760,1962,1951
1822,1123,198,1321,631,1952,1967,1963
1823,1492,356,1848,335,2183,1968,1964
1824,1239,827,2066,342,2408,1976,1970
1825,2119,0,2119,655,2774,1965,1953
1826,1368,469,1837,976,2813,1961,1947
1827,2255,324,2579,890,3469,1964,1956
1828,1240,1159,2399,254,2653,1984,1969
1829,1055,0,1055,112,1167,1982,1979
1830,2816,9940,12756,1520,14276,1998,1995
1831,6937,3317,10254,626,10880,2001,2000
1832,3304,13069,16373,4283,20656,2002,1998
1833,2748,95,2843,9247,12090,1997,1992
1834,1126,983,2109,7275,9384,1997,1990
1835,86,0,86,1146,1232,1996,1993
1836,1750,3325,5075,3594,8669,1998,1996
1837,1073,463,1536,1388,2924,1951,1940
1838,438,0,438,1400,1838,1988,1981
1839,1448,7037,8485,66,8551,1999,1994
1840,514,936,1450,1540,2990,1983,1976
1841,4625,2261,6886,151,7037,1998,1997
1842,1246,1321,2567,1944,4511,1993,1987
1843,1452,1760,3212,1081,4293,1990,1982
1844,926,144,1070,2785,3855,1978,1977
1845,678,94,772,1547,2319,1978,1976
1846,2110,3213,5323,1103,6426,1977,1973
1847,1205,393,1598,3344,4942,1976,1974
1848,1985,5424,7409,746,8155,1994,1992
1849,1014,12,1026,2237,3263,1984,1983
1850,5871,7322,13193,1440,14633,2001,1995
1851,428,191,619,175,794,1979,1976
1852,2313,160,2473,5166,7639,2007,2002
1853,2014,1020,3034,2905,5939,2002,2001
1854,1203,304,1507,1655,3162,2005,2004
1855,2307,282,2589,2939,5528,2006,2000
1856,2240,1695,3935,3387,7322,1997,1994
1857,2937,2011,4948,4219,9167,2006,2002
1858,0,0,0,0,0,1998,1998
1859,1522,1996,3518,2637,6155,1996,1995
1860,794,1458,2252,1969,4221,1999,1997
1861,1726,123,1849,2975,4824,1997,1996
1862,1414,15000,16414,2102,18516,2001,2000
1863,2973,1645,4618,1748,6366,2001,2000
1864,1814,2507,4321,1729,6050,1976,1968
1865,6097,1413,7510,2961,10471,1972,1969
1866,1135,497,1632,1424,3056,1975,1973
1867,1388,74,1462,2006,3468,1972,1971
1868,782,342,1124,1087,2211,1973,1970
1869,1593,841,2434,2982,5416,1971,1969
1870,2382,4944,7326,3280,10606,1982,1968
1871,887,502,1389,1857,3246,1972,1968
1872,1049,964,2013,1335,3348,1968,1964
1873,1537,2493,4030,809,4839,1958,1938
1874,904,336,1240,1493,2733,1969,1968
1875,666,419,1085,298,1383,1980,1976
1876,1915,622,2537,1304,3841,1980,1972
1877,2085,433,2518,813,3331,1979,1977
1878,865,102,967,1482,2449,1997,1990
1879,1031,750,1781,1363,3144,1983,1975
1880,752,6,758,1070,1828,1959,1954
1881,1088,2477,3565,1365,4930,1948,1923
1882,856,507,1363,943,2306,1973,1963
1883,2091,6465,8556,615,9171,1982,1971
1884,1010,2511,3521,1263,4784,1958,1933
1885,965,1681,2646,1119,3765,1977,1972
1886,1361,924,2285,561,2846,1979,1973
1887,1892,3729,5621,336,5957,1982,1973
1888,1195,765,1960,713,2673,1962,1950
1889,3077,252,3329,271,3600,1982,1977
1890,2880,3434,6314,1652,7966,1998,1993
1891,3090,4117,7207,1836,9043,1983,1977
1892,1215,278,1493,1423,2916,1963,1959
1893,2548,2149,4697,296,4993,1985,1979
1894,561,3374,3935,1248,5183,1963,1939
1895,361,3635,3996,724,4720,1971,1952
1896,1611,5124,6735,1343,8078,1980,1974
1897,2161,1436,3597,1165,4762,1956,1943
1898,1911,7,1918,2037,3955,1973,1964
1899,903,970,1873,1282,3155,1953,1941
1900,1232,804,2036,1008,3044,1989,1987
1901,1786,1239,3025,1752,4777,1979,1971
1902,974,3900,4874,1346,6220,1980,1973
1903,1084,5711,6795,1903,8698,1990,1978
1904,1662,1176,2838,1379,4217,1959,1946
1905,2184,393,2577,766,3343,1964,1951
1906,2790,3485,6275,482,6757,1959,1934
1907,2168,1232,3400,2873,6273,1966,1953
1908,1162,264,1426,1005,2431,1983,1980
1909,2368,3292,5660,3854,9514,1994,1986
1910,1464,961,2425,1177,3602,1947,1933
1911,634,944,1578,1213,2791,1969,1966
1912,2164,20620,22784,4019,26803,1988,1973
1913,1030,786,1816,2161,3977,1987,1978
1914,1971,1705,3676,152,3828,1960,1946
1915,1023,577,1600,1724,3324,1975,1951
1916,2433,2401,4834,2850,7684,1988,1971
1917,4317,4558,8875,2496,11371,2002,1996
1918,742,279,1021,1195,2216,1946,1937
1919,1697,663,2360,1184,3544,1951,1934
1920,734,413,1147,526,1673,1936,1911
1921,1100,1842,2942,1482,4424,1955,1939
1922,1504,327,1831,1230,3061,1965,1958
1923,1182,331,1513,1752,3265,1992,1990
1924,1020,1417,2437,1504,3941,1960,1953
1925,1652,1031,2683,1439,4122,1974,1965
1926,1140,1383,2523,952,3475,1949,1916
1927,1904,1160,3064,1302,4366,1970,1961
1928,2789,2188,4977,7758,12735,2007,1999
1929,3094,400,3494,5516,9010,2008,2004
1930,904,0,904,1069,1973,2007,2005
1931,4660,1020,5680,5489,11169,2009,2006
1932,1738,3001,4739,2364,7103,2001,1999
1933,1868,0,1868,2528,4396,2001,2000
1934,1848,821,2669,4017,6686,2002,2001
1935,1618,1100,2718,2571,5289,2006,2001
1936,1671,11,1682,0,1682,2007,2005
1937,2589,1276,3865,1780,5645,2008,2006
1938,1851,1517,3368,1515,4883,1997,1993
1939,1665,0,1665,2652,4317,1986,1984
1940,1596,164,1760,2607,4367,1989,1986
1941,1648,0,1648,1238,2886,1997,1996
1942,10450,2691,13141,3048,16189,2005,2000
1943,6524,7962,14486,878,15364,2005,2001
1944,1487,649,2136,6039,8175,1987,1978
1945,2298,3437,5735,1121,6856,1984,1970
1946,3629,171,3800,2211,6011,1979,1977
1947,2870,1539,4409,2388,6797,1981,1975
1948,2052,4149,6201,4066,10267,1988,1978
1949,2807,144,2951,1982,4933,1988,1984
1950,1592,27,1619,1632,3251,1984,1983
1951,2570,2604,5174,3828,9002,1990,1976
1952,1684,1426,3110,248,3358,1982,1978
1953,535,326,861,120,981,1979,1976
1954,1418,738,2156,132,2288,1977,1967
1955,2459,545,3004,2434,5438,1970,1960
1956,3985,1742,5727,2200,7927,1985,1978
1957,698,821,1519,5188,6707,1983,1965
1958,1710,1319,3029,7239,10268,1986,1974
1959,1802,1165,2967,9968,12935,1987,1973
1960,966,13,979,1543,2522,1968,1963
1961,36,333,369,1204,1573,1970,1951
1962,1252,615,1867,759,2626,1969,1952
1963,596,2028,2624,1417,4041,1963,1943
1964,1185,485,1670,419,2089,1992,1979
1965,1417,614,2031,345,2376,1968,1958
1966,1170,429,1599,1450,3049,1974,1953
1967,1112,288,1400,601,2001,1974,1953
1968,989,1320,2309,1333,3642,1964,1955
1969,1229,452,1681,1448,3129,1972,1962
1970,1144,198,1342,697,2039,1957,1946
1971,2144,140,2284,707,2991,1959,1950
1972,540,1591,2131,511,2642,1969,1950
1973,1513,187,1700,1439,3139,1978,1974
1974,910,310,1220,1491,2711,1982,1977
1975,1124,652,1776,1607,3383,1976,1970
1976,1571,259,1830,1785,3615,1977,1972
1977,1154,53,1207,1617,2824,1974,1971
1978,1654,1908,3562,3244,6806,1975,1973
1979,2535,3548,6083,1287,7370,1998,1992
1980,1232,339,1571,1222,2793,1984,1982
1981,773,439,1212,1321,2533,1986,1983
1982,904,929,1833,1511,3344,1989,1982
1983,1212,13,1225,1521,2746,1987,1984
1984,1025,238,1263,1684,2947,1986,1981
1985,1197,0,1197,1859,3056,1984,1979
1986,1120,22,1142,2231,3373,1978,1974
1987,1051,927,1978,1595,3573,1987,1980
1988,1209,382,1591,1559,3150,1980,1971
1989,1018,274,1292,1404,2696,1976,1967
1990,1246,87,1333,1617,2950,1977,1972
1991,882,3159,4041,2387,6428,1981,1977
1992,1280,13583,14863,1933,16796,2004,2001
1993,1462,123,1585,2561,4146,2007,2005
1994,1286,538,1824,1837,3661,2004,2000
1995,2970,1562,4532,3616,8148,2008,2003
1996,1291,764,2055,802,2857,1995,1991
1997,1752,273,2025,2054,4079,2006,2003
1998,1706,3696,5402,1870,7272,2004,1998
1999,1984,903,2887,2262,5149,2004,2003
2000,2214,769,2983,1499,4482,2003,2000
2001,1754,1862,3616,3099,6715,2003,1999
2002,1559,7659,9218,3417,12635,1979,1966
2003,3331,1766,5097,708,5805,1980,1975
2004,1139,74,1213,1749,2962,1965,1961
2005,984,531,1515,1304,2819,1982,1980
2006,1256,465,1721,1563,3284,1979,1975
2007,1082,784,1866,2026,3892,1968,1951
2008,1460,9300,10760,478,11238,1990,1974
2009,303,469,772,222,994,1971,1959
2010,1379,620,1999,0,1999,1983,1977
2011,1234,548,1782,2267,4049,1985,1978
2012,934,1379,2313,2359,4672,1981,1964
2013,1709,1260,2969,2746,5715,1970,1968
2014,2486,255,2741,2021,4762,1972,1970
2015,1288,654,1942,2798,4740,1973,1972
2016,2140,164,2304,3113,5417,1973,1971
2017,962,491,1453,1576,3029,1972,1970
2018,1252,402,1654,1713,3367,1974,1966
2019,1485,82,1567,976,2543,1970,1966
2020,843,270,1113,1374,2487,1969,1966
2021,1238,180,1418,1600,3018,1960,1957
2022,1003,652,1655,1196,2851,1970,1968
2023,974,26,1000,1393,2393,1967,1964
2024,1199,673,1872,2039,3911,1974,1968
2025,903,0,903,1273,2176,1974,1972
2026,1282,179,1461,1611,3072,1977,1975
2027,1232,32,1264,2021,3285,1973,1971
2028,1401,522,1923,2373,4296,1979,1973
2029,596,624,1220,1334,2554,1973,1972
2030,2321,916,3237,479,3716,1980,1963
2031,533,1903,2436,930,3366,1964,1951
2032,929,2006,2935,215,3150,1968,1953
2033,1882,834,2716,1447,4163,1974,1958
2034,2608,599,3207,674,3881,1970,1965
2035,1572,745,2317,796,3113,1970,1954
2036,1146,229,1375,1771,3146,1986,1974
2037,985,604,1589,1415,3004,1965,1960
2038,1419,919,2338,1558,3896,1961,1958
2039,1357,527,1884,1078,2962,1974,1959
2040,1218,551,1769,1536,3305,1960,1952
2041,1284,362,1646,1415,3061,1958,1956
2042,804,741,1545,476,2021,1963,1955
2043,3244,3562,6806,604,7410,1987,1985
2044,844,1704,2548,2248,4796,1979,1973
2045,1512,104,1616,0,1616,1984,1972
2046,942,275,1217,1955,3172,1967,1961
2047,1360,1048,2408,295,2703,1982,1978
2048,2763,872,3635,1505,5140,1997,1992
2049,1302,31,1333,1640,2973,1993,1992
2050,1123,1889,3012,2094,5106,1991,1983
2051,1776,210,1986,3114,5100,1967,1950
2052,1366,130,1496,2360,3856,1965,1949
2053,507,1200,1707,0,1707,1984,1972
2054,795,5299,6094,79,6173,1983,1975
2055,916,79,995,1436,2431,1987,1982
2056,807,310,1117,1317,2434,1958,1952
2057,1753,1889,3642,5194,8836,1991,1981
2058,5034,3415,8449,7483,15932,1978,1960
2059,1790,576,2366,3391,5757,1999,1990
2060,8329,3695,12024,3508,15532,1991,1976
2061,813,0,813,391,1204,1986,1978
2062,1036,0,1036,2390,3426,1981,1977
2063,1755,1018,2773,2776,5549,1975,1969
2064,1650,2213,3863,1128,4991,1984,1980
2065,1513,1318,2831,944,3775,1973,1950
2066,1488,7245,8733,2295,11028,1987,1975
2067,684,82,766,844,1610,1977,1975
2068,2387,955,3342,5894,9236,1993,1977
2069,1673,478,2151,143,2294,1975,1972
2070,740,1323,2063,1128,3191,1969,1944
2071,1416,309,1725,1852,3577,1973,1970
2072,1996,9137,11133,1897,13030,1977,1969
2073,2092,537,2629,778,3407,1978,1974
2074,90,4464,4554,1748,6302,1960,1935
2075,2045,2564,4609,4891,9500,2002,1993
2076,2326,1798,4124,3803,7927,2006,2002
2077,2145,193,2338,1405,3743,2005,2003
2078,1859,3940,5799,7161,12960,2005,1995
2079,956,287,1243,3239,4482,2000,1993
2080,1360,1272,2632,4617,7249,2002,1997
2081,1869,1328,3197,4065,7262,2002,1999
2082,4752,3009,7761,5963,13724,2010,2005
2083,2155,1632,3787,5702,9489,2007,2002
2084,1696,220,1916,2178,4094,2003,1995
2085,1326,556,1882,1192,3074,1997,1996
2086,0,0,0,0,0,NA,NA
2087,4541,617,5158,4194,9352,2006,2003
2088,5076,877,5953,2628,8581,2008,2004
2089,1328,0,1328,442,1770,1999,1998
2090,852,792,1644,3806,5450,1973,1957
2091,640,4336,4976,950,5926,1967,1946
2092,1123,1490,2613,2071,4684,1983,1980
2093,1516,1268,2784,1251,4035,1984,1982
2094,828,1057,1885,1268,3153,1973,1961
2095,1482,286,1768,2086,3854,1992,1987
2096,1981,702,2683,1208,3891,1998,1996
2097,1235,0,1235,1354,2589,1993,1986
2098,1182,79,1261,574,1835,1998,1994
2099,2556,1185,3741,410,4151,1981,1978
2100,1365,813,2178,1291,3469,1961,1941
2101,913,264,1177,601,1778,1970,1953
2102,2337,991,3328,1034,4362,1985,1970
2103,1259,0,1259,1295,2554,1979,1976
2104,1009,1487,2496,990,3486,1965,1948
2105,4295,14580,18875,1893,20768,1982,1971
2106,1875,34,1909,99,2008,1984,1983
2107,2104,3999,6103,1204,7307,1979,1969
2108,1657,3965,5622,2229,7851,1965,1959
2109,946,823,1769,1309,3078,1985,1981
2110,828,282,1110,1387,2497,1975,1973
2111,682,883,1565,324,1889,1982,1980
2112,1128,1643,2771,185,2956,1983,1981
2113,1003,303,1306,1693,2999,1973,1969
2114,1538,3416,4954,2416,7370,1995,1993
2115,693,1637,2330,831,3161,1968,1962
2116,795,916,1711,835,2546,1965,1943
2117,39,6366,6405,1424,7829,1984,1964
2118,1101,569,1670,1211,2881,1969,1962
2119,2907,19140,22047,1952,23999,2006,1993
2120,1044,465,1509,1336,2845,1981,1966
2121,1567,40,1607,969,2576,1973,1968
2122,2054,15253,17307,4156,21463,1979,1949
2123,1002,840,1842,1499,3341,1984,1981
2124,953,216,1169,1375,2544,1985,1979
2125,1357,0,1357,384,1741,1951,1951
2126,1163,304,1467,1534,3001,1984,1980
2127,1326,311,1637,1394,3031,1984,1982
2128,1232,10,1242,1840,3082,1988,1983
2129,365,5029,5394,1025,6419,1995,1988
2130,838,3618,4456,1906,6362,1996,1989
2131,1300,180,1480,1550,3030,1997,1996
2132,2048,1413,3461,320,3781,1998,1997
2133,1090,3377,4467,1679,6146,1997,1996
2134,1148,784,1932,1432,3364,1987,1985
2135,2100,5274,7374,1057,8431,2002,1999
2136,1023,145,1168,1817,2985,2002,1995
2137,1414,84,1498,1253,2751,2001,2000
2138,1466,2507,3973,1606,5579,2001,1997
2139,822,27,849,1028,1877,2000,1998
2140,1561,0,1561,175,1736,1983,1965
2141,1790,4069,5859,3148,9007,2001,1996
2142,2594,172,2766,1204,3970,1999,1992
2143,772,605,1377,894,2271,2004,2004
2144,2253,445,2698,1487,4185,2004,2002
2145,1957,270,2227,2266,4493,2006,2003
2146,1943,795,2738,2816,5554,2002,2001
2147,1840,11249,13089,2620,15709,2003,2001
2148,1575,1900,3475,1605,5080,1999,1996
2149,2154,1378,3532,2468,6000,1997,1995
2150,2434,4132,6566,3366,9932,2006,2002
2151,2986,613,3599,4379,7978,2002,1996
2152,738,387,1125,2491,3616,2005,1994
2153,1606,5822,7428,2061,9489,1999,1990
2154,2057,678,2735,3681,6416,1994,1984
2155,978,1069,2047,1749,3796,1984,1979
2156,1734,186,1920,1925,3845,1994,1987
2157,1599,194,1793,3324,5117,1993,1988
2158,1113,213,1326,2202,3528,1989,1969
2159,1727,220,1947,1566,3513,1992,1977
2160,1807,1435,3242,1808,5050,1991,1985
2161,1600,2619,4219,3478,7697,1999,1990
2162,1033,1839,2872,1286,4158,1978,1968
2163,1016,530,1546,1642,3188,1973,1969
2164,1010,249,1259,935,2194,1982,1980
2165,1975,1110,3085,223,3308,1983,1979
2166,1401,66,1467,1462,2929,1977,1971
2167,1105,466,1571,1837,3408,1978,1975
2168,1473,410,1883,1294,3177,1980,1974
2169,862,14,876,1829,2705,1980,1969
2170,936,688,1624,1650,3274,1980,1978
2171,882,939,1821,866,2687,1986,1979
2172,1039,563,1602,564,2166,1975,1964
2173,1977,856,2833,202,3035,1970,1955
2174,1081,591,1672,1690,3362,1959,1954
2175,1148,162,1310,1393,2703,1960,1955
2176,847,9,856,1645,2501,1972,1969
2177,185,821,1006,566,1572,1982,1955
2178,995,114,1109,993,2102,1960,1953
2179,818,59,877,597,1474,1972,1966
2180,1637,126,1763,151,1914,1977,1973
2181,1209,2135,3344,2616,5960,1959,1949
2182,1109,196,1305,1449,2754,1973,1968
2183,1786,1376,3162,721,3883,1979,1970
2184,1438,223,1661,1325,2986,1955,1951
2185,2165,282,2447,1161,3608,1962,1950
2186,1388,5104,6492,2950,9442,2002,1992
2187,1664,51,1715,1954,3669,1992,1989
2188,2673,602,3275,3259,6534,1996,1992
2189,899,2985,3884,1396,5280,1961,1940
2190,1544,506,2050,3161,5211,1993,1987
2191,1036,2255,3291,2723,6014,1977,1974
2192,1767,476,2243,3380,5623,1979,1973
2193,1613,1783,3396,1890,5286,1973,1964
2194,1142,427,1569,1439,3008,1969,1956
2195,1090,368,1458,2807,4265,1980,1975
2196,1009,28,1037,2234,3271,1974,1971
2197,2564,76,2640,5292,7932,2005,1995
2198,1825,20615,22440,6207,28647,1990,1979
2199,1382,0,1382,1116,2498,1980,1971
2200,1283,165,1448,231,1679,1982,1967
2201,585,2880,3465,1326,4791,1958,1939
2202,2719,1006,3725,3040,6765,1978,1972
2203,1543,879,2422,2824,5246,1962,1947
2204,3096,1257,4353,10353,14706,2000,1995
2205,1311,22,1333,1951,3284,1962,1956
2206,1314,9876,11190,2808,13998,1990,1979
2207,1395,233,1628,1232,2860,1972,1957
2208,1370,10629,11999,1963,13962,1966,1942
2209,2380,6970,9350,1550,10900,1975,1953
2210,1418,457,1875,496,2371,1969,1947
2211,794,3080,3874,64,3938,1969,1956
2212,1063,4307,5370,3441,8811,1954,1922
2213,1162,298,1460,1354,2814,1982,1979
2214,902,1019,1921,4277,6198,1972,1960
2215,480,9785,10265,2292,12557,1950,1918
2216,829,359,1188,402,1590,1941,1931
2217,720,3722,4442,1410,5852,1966,1940
2218,1154,1387,2541,1738,4279,1971,1943
2219,2492,18423,20915,1913,22828,1996,1971
2220,1710,2931,4641,1097,5738,2008,2005
2221,1732,339,2071,4059,6130,2001,1997
2222,618,1023,1641,1880,3521,1999,1997
2223,1084,35,1119,3084,4203,2000,1998
2224,880,455,1335,2491,3826,1999,1995
2225,620,1038,1658,3311,4969,1984,1970
2226,1516,458,1974,2422,4396,1996,1991
2227,3838,1272,5110,4677,9787,2009,2005
2228,4829,3006,7835,3831,11666,2006,2001
2229,1490,629,2119,2692,4811,1999,1998
2230,1408,3126,4534,3206,7740,1996,1987
2231,1054,1920,2974,1932,4906,1999,1996
2232,953,23,976,0,976,1999,1996
2233,1476,6277,7753,1215,8968,1997,1994
2234,781,0,781,270,1051,1987,1984
2235,1048,30,1078,1396,2474,1991,1985
2236,874,26,900,1913,2813,1992,1985
2237,941,21,962,2208,3170,1998,1991
2238,1624,0,1624,2030,3654,1981,1977
2239,1455,923,2378,1727,4105,1979,1978
2240,1201,1084,2285,2418,4703,1986,1977
2241,1758,471,2229,498,2727,1986,1978
2242,968,486,1454,1014,2468,1977,1964
2243,2948,62,3010,680,3690,1972,1970
2244,2554,1738,4292,130,4422,1976,1973
2245,996,245,1241,177,1418,1963,1947
2246,2033,1132,3165,601,3766,1978,1959
2247,1945,1004,2949,1202,4151,1974,1962
2248,665,468,1133,917,2050,1961,1952
2249,983,899,1882,1733,3615,1980,1962
2250,1199,579,1778,1513,3291,1979,1964
2251,3468,1583,5051,4863,9914,1988,1978
2252,2290,1838,4128,1031,5159,1990,1978
2253,1084,669,1753,2950,4703,1987,1977
2254,858,85,943,1756,2699,1989,1982
2256,1180,7,1187,3975,5162,2003,1992
2259,2684,861,3545,5035,8580,1983,1981
2260,696,812,1508,2495,4003,1998,1989
2261,2998,5670,8668,6803,15471,2006,1998
2262,1003,53,1056,397,1453,1995,1992
2263,621,220,841,592,1433,1964,1946
2264,2990,1823,4813,939,5752,1970,1944
2265,581,0,581,90,671,1963,1957
2266,1278,2650,3928,1745,5673,1962,1939
2267,193,8173,8366,9230,17596,1970,1945
2268,2666,1617,4283,2689,6972,2001,1998
2269,3467,538,4005,1642,5647,1993,1987
2270,894,1425,2319,1062,3381,1988,1985
2271,1266,111,1377,1404,2781,1991,1988
2272,1160,473,1633,1552,3185,1992,1989
2273,988,544,1532,1639,3171,1992,1991
2274,2067,391,2458,3377,5835,1988,1983
2275,1874,2117,3991,3260,7251,1976,1975
2276,1414,661,2075,2443,4518,1978,1975
2277,1684,313,1997,3592,5589,1994,1983
2278,1353,793,2146,1357,3503,1997,1990
2279,1657,2063,3720,2993,6713,1998,1992
2280,1443,1234,2677,1762,4439,1995,1991
2281,945,0,945,1037,1982,1993,1988
2282,948,3955,4903,1251,6154,1995,1989
2283,2505,6088,8593,1595,10188,1997,1993
2284,570,0,570,1468,2038,1997,1995
2285,2167,21,2188,1319,3507,2003,1989
2286,1326,1030,2356,1773,4129,1972,1950
2287,3348,348,3696,3623,7319,2004,1997
2288,2665,291,2956,5668,8624,1974,1965
2289,2016,548,2564,2382,4946,1973,1965
2290,1639,3384,5023,1647,6670,2006,2004
2291,3770,2490,6260,7337,13597,2010,2006
2292,1042,0,1042,1046,2088,2000,1999
2293,777,317,1094,918,2012,1967,1947
2294,906,58,964,921,1885,1999,1999
2295,1130,0,1130,1476,2606,2000,1999
2296,550,124,674,794,1468,1986,1968
2297,533,0,533,704,1237,2003,2002
2298,988,748,1736,1656,3392,1966,1945
2299,665,333,998,1437,2435,1976,1963
2300,1331,555,1886,2871,4757,1986,1975
2301,1586,214,1800,2510,4310,1996,1992
2302,752,37,789,1300,2089,1957,1956
2303,657,3627,4284,215,4499,1972,1967
2304,1235,158,1393,775,2168,1958,1953
2305,962,62,1024,1617,2641,1965,1961
2306,750,340,1090,1083,2173,1963,1957
2307,1192,374,1566,861,2427,1981,1971
2308,1230,288,1518,2164,3682,1979,1976
2309,660,250,910,721,1631,1981,1978
2310,859,7,866,1715,2581,1977,1974
2311,895,111,1006,1407,2413,1979,1967
2312,1808,632,2440,286,2726,1977,1971
2313,961,6,967,793,1760,1977,1973
2314,882,401,1283,1561,2844,1968,1960
2315,1529,418,1947,1013,2960,1982,1966
2316,1248,1584,2832,429,3261,1999,1992
2317,1525,1290,2815,100,2915,1986,1977
2318,1747,356,2103,233,2336,1973,1970
2319,1394,999,2393,888,3281,1977,1973
2320,2073,1565,3638,104,3742,1986,1984
2321,1779,903,2682,1854,4536,1981,1978
2322,1130,246,1376,201,1577,1971,1960
2323,1678,194,1872,928,2800,1973,1970
2324,1258,391,1649,2490,4139,1994,1988
2325,850,340,1190,1275,2465,1991,1988
2326,1129,5231,6360,2317,8677,1984,1976
2327,1126,128,1254,1802,3056,1986,1978
2328,773,897,1670,986,2656,2002,1991
2329,1216,973,2189,1263,3452,1981,1979
2330,1085,754,1839,338,2177,1987,1981
2331,1615,377,1992,1418,3410,1976,1973
2332,2149,524,2673,364,3037,1986,1967
2333,2070,4767,6837,4085,10922,1993,1978
2334,2321,0,2321,220,2541,1978,1975
2335,1673,1295,2968,639,3607,1979,1969
2336,914,1792,2706,184,2890,1970,1952
2337,535,57,592,756,1348,1972,1949
2338,1539,825,2364,2103,4467,1955,1948
2339,2244,109,2353,2233,4586,1983,1978
2340,3021,2095,5116,1844,6960,1996,1986
2341,696,357,1053,1255,2308,1992,1986
2342,1980,763,2743,4924,7667,1984,1974
2343,1975,270,2245,2008,4253,1987,1983
2344,1382,480,1862,2850,4712,1973,1967
2345,1406,2584,3990,1538,5528,1982,1969
2346,1078,526,1604,2144,3748,1971,1966
2347,968,425,1393,1501,2894,1965,1959
2348,1277,35,1312,1749,3061,1965,1962
2349,1482,699,2181,2827,5008,1993,1990
2350,2557,5274,7831,790,8621,1988,1977
2351,3455,8971,12426,3587,16013,1989,1986
2352,1420,3624,5044,548,5592,1996,1993
2353,1432,212,1644,1166,2810,1972,1969
2354,2105,1203,3308,2701,6009,1978,1961
2355,2853,0,2853,787,3640,1980,1977
2356,1728,421,2149,1411,3560,1976,1973
2357,2184,1739,3923,8060,11983,1992,1984
2358,4672,72,4744,3553,8297,1995,1985
2359,1313,54,1367,1526,2893,1987,1984
2360,1402,1188,2590,5389,7979,1981,1970
2361,359,2876,3235,1436,4671,1963,1934
2362,1309,7705,9014,1655,10669,1955,1934
2363,1023,392,1415,386,1801,1947,1915
2364,1014,961,1975,786,2761,1994,1990
2365,973,6159,7132,1674,8806,1957,1933
2366,1140,2380,3520,1747,5267,1942,1922
2367,739,2327,3066,956,4022,1951,1936
2368,862,8093,8955,1488,10443,1958,1937
2369,5675,7964,13639,1317,14956,1997,1978
2370,1461,2011,3472,937,4409,1967,1943
2371,1400,698,2098,2605,4703,2002,1997
2372,704,44,748,1352,2100,1998,1997
2373,2271,6614,8885,3140,12025,2001,1998
2374,838,903,1741,1350,3091,1999,1996
2375,1205,0,1205,1817,3022,1997,1995
2376,718,123,841,597,1438,2003,2000
2377,894,968,1862,1197,3059,1998,1997
2378,380,1025,1405,969,2374,2005,1994
2379,1178,482,1660,1764,3424,1996,1994
2380,2111,83,2194,1916,4110,1996,1983
2381,965,2,967,2251,3218,1984,1972
2382,1344,207,1551,1656,3207,1992,1982
2383,1058,0,1058,1955,3013,1994,1992
2384,936,2363,3299,3299,6598,1998,1994
2385,1118,989,2107,1511,3618,1999,1998
2386,1366,1311,2677,2083,4760,2001,1997
2387,1262,527,1789,2405,4194,2001,2000
2388,1270,0,1270,1892,3162,2000,1999
2389,1239,205,1444,542,1986,1988,1977
2390,2310,1882,4192,190,4382,1988,1982
2391,1370,373,1743,599,2342,1964,1951
2392,1128,1094,2222,522,2744,1959,1946
2393,1206,227,1433,91,1524,1987,1975
2394,1609,60,1669,323,1992,1968,1960
2395,1266,1203,2469,1308,3777,1960,1950
2396,1723,160,1883,987,2870,1971,1959
2397,1150,271,1421,680,2101,1968,1961
2398,1024,326,1350,2316,3666,1978,1969
2399,1726,26,1752,360,2112,2000,1996
2400,991,669,1660,1548,3208,1987,1974
2401,1015,347,1362,1426,2788,1989,1982
2402,858,128,986,2485,3471,2002,1994
2403,814,567,1381,1608,2989,1989,1981
2404,2276,718,2994,4263,7257,1990,1989
2405,2035,1436,3471,3316,6787,1988,1987
2406,2318,1194,3512,3785,7297,1993,1992
2407,1059,2315,3374,2969,6343,1989,1986
2408,3635,2052,5687,6091,11778,1987,1969
2409,1661,264,1925,7159,9084,2006,1996
2410,2823,3452,6275,5284,11559,1995,1982
2411,1852,10027,11879,5145,17024,2000,1996
2412,1416,1837,3253,4890,8143,1987,1978
2413,840,154,994,4500,5494,1991,1983
2414,510,66,576,3130,3706,1993,1989
2415,2418,3372,5790,4315,10105,1998,1993
2416,1016,199,1215,3569,4784,1987,1981
2417,1118,344,1462,1785,3247,1988,1986
2418,1663,636,2299,1940,4239,1990,1983
2419,1536,109,1645,2662,4307,1991,1985
2420,1064,0,1064,1522,2586,1989,1986
2421,1935,35,1970,1511,3481,1990,1987
2422,1444,190,1634,1900,3534,1986,1982
2423,1147,27,1174,2116,3290,1983,1981
2424,978,660,1638,1556,3194,1981,1978
2425,1815,13,1828,3485,5313,1998,1993
2426,1549,0,1549,649,2198,1987,1985
2427,1082,538,1620,1105,2725,1983,1981
2428,1899,2783,4682,6091,10773,2003,1987
2429,1316,2082,3398,2271,5669,2004,1998
2430,1682,218,1900,3197,5097,2003,1999
2431,1925,0,1925,2887,4812,2008,2006
2432,1212,8,1220,2751,3971,2005,2000
2433,1468,22,1490,3043,4533,2004,2002
2434,1256,315,1571,2100,3671,1999,1998
2435,1310,0,1310,2248,3558,2001,1999
2436,1716,780,2496,3720,6216,2006,2002
2437,2933,880,3813,1085,4898,2007,2003
2438,1780,2,1782,2940,4722,2002,1998
2439,1534,486,2020,2642,4662,2000,1999
2440,1252,1912,3164,3045,6209,2004,2002
2441,1883,7,1890,2427,4317,2007,2005
2442,1982,57,2039,5299,7338,2006,2002
2443,740,112,852,3833,4685,2003,1996
2444,2943,7253,10196,12206,22402,2005,1998
2445,3465,156,3621,7010,10631,2008,2005
2446,665,25,690,4627,5317,2000,1991
2448,1444,1125,2569,8930,11499,1997,1987
2449,573,12,585,3812,4397,1999,1990
2450,1653,2785,4438,2056,6494,1982,1975
2451,2806,2695,5501,1981,7482,2005,2004
2452,3938,860,4798,5492,10290,2000,1999
2453,1146,354,1500,1882,3382,2003,2002
2454,3480,2563,6043,6083,12126,2003,2001
2455,2146,77,2223,12556,14779,1997,1988
2456,968,0,968,1886,2854,2003,2002
2457,3074,736,3810,3369,7179,2003,2002
2458,910,1448,2358,1561,3919,2005,2002
2459,40,0,40,517,557,2005,2004
2460,820,29,849,4520,5369,2001,1993
2461,2580,149,2729,12195,14924,2000,1993
2462,1893,386,2279,1949,4228,2004,2002
2463,2068,2179,4247,4409,8656,2002,1999
2464,540,632,1172,1559,2731,2004,2004
2465,0,0,0,93,93,NA,NA
2466,1103,2060,3163,2471,5634,2005,2004
2467,862,2687,3549,1420,4969,2005,2004
2469,1382,1380,2762,1685,4447,1997,1994
2470,4669,3803,8472,380,8852,1990,1983
2471,651,364,1015,501,1516,1964,1951
2472,781,153,934,617,1551,1976,1966
2474,1134,609,1743,1462,3205,2004,2003
2475,950,0,950,1096,2046,2003,2002
2476,532,0,532,551,1083,2004,2004
2477,1119,295,1414,8067,9481,1994,1983
2478,1067,431,1498,7412,8910,1991,1980
2479,724,31,755,5643,6398,1995,1987
2480,1208,168,1376,3890,5266,1994,1990
2481,1032,1482,2514,2513,5027,1999,1994
2482,1050,800,1850,2278,4128,1996,1992
2483,1855,1128,2983,8156,11139,2000,1988
2484,2307,112,2419,11375,13794,2006,1997
2485,1178,120,1298,1918,3216,1998,1996
2486,906,60,966,1830,2796,1999,1992
2487,1212,7,1219,1920,3139,1996,1995
2488,932,0,932,1588,2520,2001,1999
2489,1256,1427,2683,3657,6340,1999,1992
2490,1814,405,2219,2844,5063,1999,1996
2491,3277,0,3277,2072,5349,2007,2004
2492,4727,502,5229,4220,9449,2003,1997
2493,962,32,994,1527,2521,2003,2001
2494,1597,30,1627,1856,3483,2004,1998
2495,1130,419,1549,3207,4756,2006,2003
2496,2433,8763,11196,6507,17703,2006,1997
2497,3441,116,3557,1936,5493,2007,2004
2498,3741,460,4201,8978,13179,2005,2000
2499,973,20,993,3178,4171,2000,1995
2500,946,2245,3191,4886,8077,2001,1995
2501,1234,374,1608,2944,4552,1997,1991
2502,1052,1233,2285,2159,4444,1999,1994
2503,1202,451,1653,3798,5451,1999,1995
2504,1052,1212,2264,2787,5051,2000,1998
2505,1716,0,1716,4006,5722,2008,2006
