day.frac,min.flux,mean.flux,max.flux
0,1.216770831,1.629706744,3.960133285
0.000694444,1.338628634,1.622945901,4.264758922
0.001388889,1.338628634,1.617086503,4.264758922
0.002083333,1.348363203,1.618203749,4.417071741
0.002777778,1.348363203,1.591364918,4.417071741
0.003472222,1.332381953,1.567508179,4.569384559
0.004166667,1.314238275,1.546162677,4.569384559
0.004861111,1.297908965,1.526951724,4.569384559
0.005555556,1.283134828,1.509570386,4.417071741
0.00625,1.26357229,1.486555635,4.569384559
0.006944444,1.245710841,1.465542166,4.874010197
0.007638889,1.223999301,1.439999178,4.569384559
0.008333333,1.203420046,1.415788289,4.569384559
0.009027778,1.183129929,1.391917563,4.569384559
0.009722222,1.157213806,1.361428007,4.569384559
0.010416667,1.131297683,1.330938451,5.178635834
0.011111111,0.987652081,1.299990798,4.173371231
0.011805556,0.987652081,1.269043144,4.130723642
0.0125,0.987652081,1.258566737,4.161186205
0.013194444,0.987652081,1.237832678,4.173371231
0.013888889,0.987652081,1.217098619,4.185556256
0.014583333,0.85275898,1.197706845,4.203833795
0.015277778,0.85275898,1.177133424,4.209926307
0.015972222,0.724633879,1.151129145,4.203833795
0.016666667,0.709517911,1.12622864,4.197741282
0.017361111,0.709517911,1.101328135,4.191648769
0.018055556,0.690725567,1.075980022,4.179463744
0.01875,0.690725567,1.056851901,4.167278718
0.019444444,0.690725567,1.040719845,4.142908667
0.020138889,0.690725567,1.040162155,4.136816154
0.020833333,0.882585065,1.038335371,5.330948652
0.021527778,0.879992756,1.035285595,4.874010197
0.022222222,0.877400447,1.03223582,4.874010197
0.022916667,0.880049404,1.03535224,4.874010197
0.023611111,0.885571947,1.04184935,4.721697378
0.024305556,0.891094491,1.04834646,4.721697378
0.025,0.775660965,1.054958017,4.417071741
0.025694444,0.775660965,1.062310552,4.417071741
0.026388889,0.766149316,1.069831405,4.264758922
0.027083333,0.911348763,1.072175016,4.264758922
0.027777778,0.913340832,1.074518626,4.569384559
0.028472222,0.915332901,1.076862236,4.063706001
0.029166667,0.917324969,1.079205846,4.063706001
0.029861111,0.899947274,1.058761499,3.990595848
0.030555556,0.890901214,1.048119075,3.929670721
0.03125,0.882580838,1.038330398,3.874838106
0.031944444,0.874260462,1.02854172,3.820005492
0.032638889,0.866569918,1.019494021,3.77126539
0.033333333,0.859509637,1.251913848,3.765172877
0.034027778,0.859509637,1.475607381,3.740802826
0.034722222,0.862943315,1.699300914,3.716432775
0.035416667,0.738535215,1.923460704,3.698155237
0.036111111,0.738535215,2.097769759,3.679877698
0.036805556,0.738535215,2.302782787,3.655507647
0.0375,0.738535215,2.501564437,3.631137596
0.038194444,0.836799956,2.701564416,3.612860058
0.038888889,0.818784121,2.902738467,3.600675033
0.039583333,0.83620053,3.103414005,3.607497109
0.040277778,0.83620053,3.298169995,3.833887036
0.040972222,0.83620053,3.496028434,4.063883338
0.041666667,2.570543214,3.693067276,7.742180045
0.042361111,2.557178171,3.896025666,7.301431344
0.043055556,2.543813129,4.098984056,7.301431344
0.04375,2.5349031,4.310076336,7.301431344
0.044444444,2.521538057,4.379592426,7.301431344
0.045138889,2.508173015,4.449108517,7.408295368
0.045833333,2.45025783,4.518624608,7.111854584
0.046527778,2.45025783,4.588140699,7.111854584
0.047222222,2.45025783,4.653032566,7.111854584
0.047916667,2.338882474,4.701696307,7.097367427
0.048611111,2.338882474,4.749540452,7.097367427
0.049305556,2.338882474,4.797384597,7.097367427
0.05,2.227507118,4.845228741,7.07354939
0.050694444,2.227507118,4.666009537,7.07354939
0.051388889,2.227507118,4.501956811,7.07354939
0.052083333,2.200777032,4.337904085,7.314621789
0.052777778,2.116131762,4.173851359,4.851804073
0.053472222,2.116131762,4.009798634,4.661104497
0.054166667,2.093856691,3.854483948,4.48056227
0.054861111,2.07158162,3.696219165,4.296590764
0.055555556,2.049306548,3.537954382,4.112619258
0.05625,1.782005694,3.379689599,3.928647753
0.056944444,1.782005694,3.22192333,3.745255733
0.057638889,1.782005694,3.06462689,3.562409857
0.058333333,1.782005694,2.90733045,3.379563981
0.059027778,1.782005694,2.755711045,3.203317253
0.059722222,1.782005694,2.60409164,3.027070525
0.060416667,1.782005694,2.452472236,2.850823798
0.061111111,1.782005694,2.294117375,2.680705608
0.061805556,1.782005694,2.283193201,2.686798121
0.0625,1.931428674,2.272269028,3.046256373
0.063194444,1.83725861,2.261344854,2.698983146
0.063888889,1.83725861,2.250420681,2.705075659
0.064583333,1.83725861,2.239496507,2.711168172
0.065277778,1.83725861,2.184699223,2.72944571
0.065972222,1.810416648,2.129901939,2.747723248
0.066666667,1.763838957,2.075104656,2.766000787
0.067361111,1.71645712,2.019361318,2.893943554
0.068055556,1.669075283,1.96361798,2.893943554
0.06875,1.620367431,1.906314625,2.893943554
0.069444444,1.571659579,1.84901127,3.046256373
0.070138889,1.522951727,1.791707915,3.046256373
0.070833333,1.474243875,1.734404559,3.046256373
0.071527778,1.414983011,1.664685896,3.046256373
0.072222222,1.366900359,1.60811807,3.046256373
0.072916667,1.318817707,1.551550244,3.046256373
0.073611111,0.688446328,1.494982418,2.893943554
0.074305556,0.688446328,1.433557153,2.893943554
0.075,0.688446328,1.379807905,2.893943554
0.075694444,0.668342683,1.318971908,2.820833401
0.076388889,0.668342683,1.253278472,2.826925914
0.077083333,0.63519231,1.187585036,2.833018427
0.077777778,0.63519231,1.1218916,2.839110939
0.078472222,0.63519231,1.054638146,2.839110939
0.079166667,0.63519231,0.986914863,2.833018427
0.079861111,0.63519231,0.919191579,2.826925914
0.080555556,0.63519231,0.851468296,2.820833401
0.08125,0.63519231,0.783745013,2.814740888
0.081944444,0.60861847,0.71602173,2.808648376
0.082638889,0.531971716,0.708979747,2.802555863
0.083333333,0.596647099,0.701937764,3.198569191
0.084027778,0.554477563,0.694895781,3.046256373
0.084722222,0.554477563,0.688799851,3.046256373
0.085416667,0.554477563,0.697564333,3.046256373
0.086111111,0.554477563,0.701733496,3.046256373
0.086805556,0.554477563,0.705902659,3.046256373
0.0875,0.544493685,0.710071822,2.893943554
0.088194444,0.544493685,0.714112251,2.893943554
0.088888889,0.544493685,0.722829382,2.893943554
0.089583333,0.544493685,0.713478633,2.893943554
0.090277778,0.544493685,0.704127883,2.893943554
0.090972222,0.538804189,0.694777133,2.839110939
0.091666667,0.538804189,0.690283823,2.839110939
0.092361111,0.538804189,0.677644666,2.808648376
0.093055556,0.538804189,0.672092258,2.784278325
0.09375,0.566558872,0.666539849,3.046256373
0.094444444,0.561839324,0.66098744,2.893943554
0.095138889,0.557119777,0.655435032,2.893943554
0.095833333,0.559326012,0.658030602,2.893943554
0.096527778,0.557200557,0.655530068,2.741630736
0.097222222,0.555075103,0.653029533,2.893943554
0.097916667,0.436488879,0.650528999,2.674613095
0.098611111,0.436488879,0.648028464,2.66242807
0.099305556,0.436488879,0.64552793,2.650243044
0.1,0.436488879,0.643295136,2.644150532
0.100694444,0.436488879,0.641062342,2.638058019
0.101388889,0.436488879,0.638829549,2.631965506
0.102083333,0.436488879,0.636596755,2.625872993
0.102777778,0.436488879,0.619503551,2.607595455
0.103472222,0.436488879,0.601659438,2.583225404
0.104166667,0.496243027,0.583815326,3.046256373
0.104861111,0.481075531,0.565971213,2.589317917
0.105555556,0.46601746,0.548255835,2.589317917
0.10625,0.448940486,0.528165278,2.589317917
0.106944444,0.447221212,0.526142603,2.589317917
0.107638889,0.445501938,0.524119927,2.589317917
0.108333333,0.443782664,0.522097252,2.589317917
0.109027778,0.44206339,0.520074576,2.589317917
0.109722222,0.445988622,0.524692496,2.589317917
0.110416667,0.449913854,0.529310417,2.589317917
0.111111111,0.453839086,0.533928337,2.589317917
0.111805556,0.344599629,0.538546257,2.522300277
0.1125,0.344599629,0.543164177,2.528392789
0.113194444,0.344599629,0.539634118,2.510115251
0.113888889,0.344599629,0.534721556,2.497930226
0.114583333,0.393507027,0.529808994,2.4857452
0.115277778,0.393507027,0.524896433,2.473560175
0.115972222,0.393507027,0.519983871,2.461375149
0.116666667,0.393507027,0.528572543,2.467467662
0.117361111,0.393507027,0.535699531,2.461375149
0.118055556,0.461402542,0.54282652,2.589317917
0.11875,0.467460483,0.549953509,2.589317917
0.119444444,0.473518423,0.557080498,2.589317917
0.120138889,0.479576364,0.564207487,2.589317917
0.120833333,0.489548316,0.575939195,2.589317917
0.121527778,0.493998596,0.581174819,2.589317917
0.122222222,0.386965391,0.586410442,2.424820073
0.122916667,0.386965391,0.59052096,2.412635047
0.123611111,0.386965391,0.592329953,2.394357509
0.124305556,0.386965391,0.594138946,2.376079971
0.125,0.506555748,0.595947939,2.741630736
0.125694444,0.508093392,0.597756932,2.437005098
0.126388889,0.509631036,0.599565925,2.437005098
0.127083333,0.505524174,0.594734322,2.437005098
0.127777778,0.501417312,0.58990272,2.437005098
0.128472222,0.49731045,0.585071117,2.437005098
0.129166667,0.493203588,0.580239515,2.28469228
0.129861111,0.455856628,0.575407912,2.199397101
0.130555556,0.455856628,0.579170846,2.187212076
0.13125,0.431948128,0.589882217,2.187212076
0.131944444,0.431948128,0.600593588,2.187212076
0.132638889,0.431948128,0.61130496,2.187212076
0.133333333,0.431948128,0.622016331,2.187212076
0.134027778,0.431948128,0.619226469,2.168934537
0.134722222,0.431948128,0.616964396,2.156749512
0.135416667,0.431948128,0.614702324,2.144564486
0.136111111,0.431948128,0.612440252,2.132379461
0.136805556,0.431948128,0.610178179,2.120194435
0.1375,0.431948128,0.62590865,2.150656999
0.138194444,0.431948128,0.643714875,2.181119563
0.138888889,0.567814608,0.668017186,2.28469228
0.139583333,0.588471572,0.692319496,2.28469228
0.140277778,0.610084875,0.717746912,2.296877305
0.140972222,0.614582027,0.743174328,2.339524894
0.141666667,0.614582027,0.759850444,2.369987458
0.142361111,0.614582027,0.77652656,2.400450022
0.143055556,0.594736801,0.793202675,2.430912586
0.14375,0.594736801,0.809878791,2.461375149
0.144444444,0.594736801,0.826554907,2.491837713
0.145138889,0.594736801,0.836149341,2.510115251
0.145833333,0.71888221,0.845743776,3.198569191
0.146527778,0.728058872,0.85653985,3.046256373
0.147222222,0.737235535,0.867335923,3.046256373
0.147916667,0.739106841,0.869537461,3.046256373
0.148611111,0.734786054,0.864454181,3.046256373
0.149305556,0.730465266,0.859370901,3.046256373
0.15,0.726144478,0.854287621,2.741630736
0.150694444,0.720802297,0.848002702,2.741630736
0.151388889,0.716365438,0.842782868,2.741630736
0.152083333,0.705383136,0.829862513,2.741630736
0.152777778,0.694400833,0.816942157,2.741630736
0.153472222,0.635829867,0.804021801,2.564947866
0.154166667,0.635829867,0.791101446,2.558855353
0.154861111,0.646160265,0.760188547,2.589317917
0.155555556,0.620076206,0.729501419,2.589317917
0.15625,0.593992147,0.69881429,2.589317917
0.156944444,0.506562329,0.668127162,2.382172484
0.157638889,0.506562329,0.637440033,2.339524894
0.158333333,0.506562329,0.667275833,2.473560175
0.159027778,0.481027503,0.706745077,2.625872993
0.159722222,0.50366056,0.745766014,2.772093299
0.160416667,0.320179244,0.782325209,2.912221092
0.161111111,0.320179244,0.818884404,3.052348886
0.161805556,0.320179244,0.857115144,3.204661704
0.1625,0.320179244,0.901974337,3.363067036
0.163194444,0.320179244,0.949905501,3.533657392
0.163888889,0.320179244,0.998409992,3.704247749
0.164583333,0.320179244,1.046914484,3.874838106
0.165277778,0.320179244,1.095867961,4.051520976
0.165972222,0.320179244,1.150825949,4.228203845
0.166666667,1.02803387,1.209451612,6.397138383
0.167361111,1.078805589,1.269183045,6.549451202
0.168055556,1.1305987,1.330116118,6.397138383
0.16875,1.199028457,1.410621714,6.244825564
0.169444444,1.257918982,1.479904685,6.244825564
0.170138889,1.317592937,1.550109338,6.549451202
0.170833333,1.377266892,1.62031399,6.397138383
0.171527778,1.436940847,1.690518643,6.70176402
0.172222222,1.598438365,1.880515723,6.854076839
0.172916667,1.692085137,2.065978331,6.854076839
0.173611111,1.701626086,2.243667197,7.006389658
0.174305556,1.674419565,2.416423731,6.829706788
0.175,1.752357662,2.587405298,7.036852221
0.175694444,1.775855299,2.710581879,7.091684836
0.176388889,1.775855299,2.830860044,7.128239912
0.177083333,2.214404472,2.951112369,8.377205025
0.177777778,1.792442374,3.073826435,7.311015295
0.178472222,1.812028116,3.196540502,7.463328113
0.179166667,1.812028116,3.787278895,7.487698164
0.179861111,1.812028116,4.355055578,7.658288521
0.180555556,4.181796248,4.919760291,8.377205025
0.18125,4.261259663,5.477757706,7.962914159
0.181944444,4.096067636,6.035755121,8.109134464
0.182638889,3.991255589,6.604270067,8.279724821
0.183333333,3.953537545,7.076748325,8.462500204
0.184027778,4.223793814,7.545558907,8.771173261
0.184722222,4.180948013,8.013338589,9.314933728
0.185416667,4.170872402,8.48111827,9.858694195
0.186111111,4.170872402,8.933094364,10.38408412
0.186805556,4.170872402,9.400268214,10.92714035
0.1875,6.918637108,9.866520383,19.35362838
0.188194444,7.043377507,10.33338933,18.67317359
0.188888889,7.168117905,10.80025827,18.67317359
0.189583333,7.346318475,11.1729668,18.52983651
0.190277778,7.515609016,11.51928137,18.52983651
0.190972222,7.693809585,11.87398645,18.84853134
0.191666667,7.872010155,12.23323891,16.02042994
0.192361111,8.054665738,12.59539214,16.02042994
0.193055556,8.241776336,12.96277253,16.02260572
0.19375,8.241776336,13.31594111,16.02260572
0.194444444,8.598177475,13.6693139,16.16308579
0.195138889,8.464527048,14.02167615,16.29919698
0.195833333,8.464527048,14.37365272,16.7083446
0.196527778,8.575902404,14.25725767,16.57304367
0.197222222,8.575902404,14.15701671,16.45652071
0.197916667,9.048133913,14.05736277,16.79049231
0.198611111,9.101594084,13.96227464,16.23014696
0.199305556,9.155054255,13.8671865,16.1196138
0.2,9.462450237,14.01091592,16.28668897
0.200694444,9.640650806,13.80665713,16.04925272
0.201388889,9.827761404,13.60450207,16.45264063
0.202083333,9.689655963,13.39966294,15.98104132
0.202777778,9.578280607,13.18544114,15.97319635
0.203472222,9.466905251,12.96605241,15.94382976
0.204166667,9.355529895,12.73147254,15.93262128
0.204861111,9.689655963,12.50512463,15.97110519
0.205555556,9.021403827,12.27775823,15.76009957
0.20625,9.132779183,12.0518016,15.77715906
0.206944444,9.021403827,11.82747907,15.76650739
0.207638889,9.021403827,11.60526136,15.76650739
0.208333333,9.675450341,11.38288275,23.02541076
0.209027778,7.374083219,11.16174567,17.36366133
0.209722222,7.418787631,10.93995575,17.66828696
0.210416667,7.363341911,10.75984795,17.21134851
0.211111111,7.16396035,10.56569455,17.05903569
0.211805556,7.156885922,10.3703725,16.90672287
0.2125,6.735064538,10.17828539,16.94937046
0.213194444,6.909993567,9.987769676,17.20525599
0.213888889,6.90145707,9.899770074,17.55862173
0.214583333,6.931414827,9.810014633,17.91807998
0.215277778,7.510819683,9.721871679,19.95297924
0.215972222,6.898317922,9.632327059,18.73447669
0.216666667,6.908005405,9.541674818,19.0269173
0.217361111,6.926207269,9.215667438,19.12439751
0.218055556,6.936257952,9.284686311,19.3132654
0.21875,7.94886123,9.351601447,22.54229716
0.219444444,7.560020811,9.422094809,19.68490868
0.220138889,7.529450402,9.501307166,19.87377658
0.220833333,7.576719302,9.905099837,20.52567544
0.221527778,7.601915443,10.08388805,21.04963154
0.222222222,8.716571936,10.25479051,22.0853587
0.222916667,8.864276828,10.42856097,22.11582127
0.223611111,9.009644253,10.59958147,22.63368485
0.224305556,9.138549391,10.75123458,23.01142064
0.225,9.278535068,10.91592361,23.33432382
0.225694444,9.41861574,11.0807244,24.21773816
0.226388889,8.840734276,11.24576418,23.98013017
0.227083333,8.840734276,11.42136305,24.31521837
0.227777778,8.861325833,11.5963922,24.7112317
0.228472222,8.84722295,11.78344732,25.1438001
0.229166667,10.17614989,11.97194104,33.20419446
0.229861111,10.33361985,12.15719982,29.24406118
0.230555556,10.48525215,12.33559076,29.396374
0.23125,10.59407937,12.68827414,29.70099964
0.231944444,10.56560045,12.82194552,29.24406118
0.232638889,10.73344814,12.953017,29.396374
0.233333333,10.39795984,13.0824865,28.33627678
0.234027778,10.41002221,13.21550474,28.75056765
0.234722222,10.4333025,13.41250379,29.26843123
0.235416667,10.66773404,13.62077884,29.71927717
0.236111111,11.75586446,13.83042878,32.44263037
0.236805556,11.534942,14.03337079,30.63315409
0.2375,11.534942,14.23217882,31.08400003
0.238194444,11.51346834,14.13191801,31.16320269
0.238888889,11.39272291,14.22206755,31.18757275
0.239583333,12.16616104,14.31313063,38.53514312
0.240277778,12.23746668,14.39701963,32.29031755
0.240972222,12.30535501,14.47688825,31.98569191
0.241666667,12.37731094,16.4796327,31.98569191
0.242361111,12.4291847,18.35455551,32.49746299
0.243055556,14.09539178,20.23093115,37.16432775
0.24375,13.26657919,22.10528177,33.52709764
0.244444444,13.29579545,23.966604,34.01449866
0.245138889,13.1738435,25.79855678,34.44706706
0.245833333,13.0718937,27.62065639,34.89182049
0.246527778,13.60693785,29.4434171,35.33048141
0.247222222,12.44999177,31.26758384,36.34633282
0.247916667,12.47676143,33.09782477,38.47385717
0.248611111,12.37672059,34.76414097,40.41083072
0.249305556,12.26280869,36.57609861,42.51710206
0.25,27.16667681,38.38910958,72.87985101
0.250694444,27.43397766,40.20300715,68.70646147
0.251388889,27.69236849,42.0144636,68.7651778
0.252083333,28.12450487,44.5977764,68.73816668
0.252777778,28.49427105,46.93806413,68.68015204
0.253472222,28.86403723,49.27940214,69.54290798
0.254166667,29.25607849,51.63014202,68.72627614
0.254861111,29.64366472,53.98602334,68.74548835
0.255555556,29.73722002,56.63369918,68.75698227
0.25625,29.84859538,58.586239,68.76837535
0.256944444,31.02917415,60.53345612,72.08734348
0.257638889,29.84859538,62.48314148,72.63218889
0.258333333,30.07134609,64.43115704,74.89661784
0.259027778,29.73722002,64.5354858,75.01789256
0.259722222,29.73722002,64.48586878,74.96021632
0.260416667,32.26766811,64.44658686,94.34925183
0.261111111,32.38795349,64.40586602,86.15331605
0.261805556,32.50823888,64.34803674,86.22379334
0.2625,33.33241651,65.09267188,86.33024114
0.263194444,33.85810819,65.80670751,86.34023252
0.263888889,34.66001075,66.52696454,95.55169629
0.264583333,33.52398212,67.2432309,78.16545283
0.265277778,33.30123141,67.95464934,78.99242596
0.265972222,33.30123141,68.57616851,79.71489759
0.266666667,33.0784807,69.01723712,80.22760835
0.267361111,36.97661816,69.45954698,80.74176197
0.268055556,32.0761025,69.89844912,81.25195436
0.26875,32.41022857,70.31473608,81.73585821
0.269444444,32.18747785,70.00804801,81.37935524
0.270138889,31.85335179,69.39402472,80.66559702
0.270833333,40.5584496,68.79290695,91.1825369
0.271527778,40.995041,68.18379383,89.4766618
0.272222222,41.41826735,67.48662067,89.67667199
0.272916667,42.16670974,66.84522808,89.57219426
0.273611111,42.77259168,66.59884444,89.44270349
0.274305556,43.38292863,66.35246325,90.14913433
0.275,43.99772059,66.1177596,82.51088048
0.275694444,44.63478763,65.89526215,82.56592714
0.276388889,45.21839449,65.75173555,82.39472162
0.277083333,44.21601629,65.49343275,81.73750822
0.277777778,46.7865595,65.21178811,85.43667747
0.278472222,45.66389592,64.93474982,75.48200847
0.279166667,46.2207727,64.67313143,75.17789577
0.279861111,45.10701914,63.62222157,73.95628813
0.280555556,44.438767,62.49231783,72.64285574
0.28125,48.24334916,61.36161336,76.91236967
0.281944444,48.28344429,60.24284459,70.02800378
0.282638889,48.33690446,59.13464914,68.73980572
0.283333333,48.67103053,58.80994038,68.36235498
0.284027778,48.93006848,58.04682677,69.11346459
0.284722222,48.69064699,57.28311411,76.61334778
0.285416667,43.69677315,56.5171781,71.52000712
0.286111111,43.46331528,55.74962472,72.70195459
0.286805556,43.51087188,54.97490951,73.94482719
0.2875,43.43256812,54.4654596,74.97446185
0.288194444,44.34336458,53.94498439,75.99191148
0.288888889,41.41736147,53.42120957,77.07637875
0.289583333,41.54659882,52.94029171,78.11210591
0.290277778,41.72383554,52.18898067,79.0137978
0.290972222,41.85383123,51.69200079,79.89721215
0.291666667,43.59800449,51.29176999,111.9499217
0.292361111,43.25316469,50.88607611,93.21544501
0.293055556,42.91066945,50.48314053,93.36775783
0.29375,43.70181288,51.41389751,90.93075273
0.294444444,43.45822288,52.20198017,90.01687582
0.295138889,45.04427918,52.99326963,99.76489621
0.295833333,39.12388792,53.7817284,88.18912199
0.296527778,39.21537739,54.50878901,88.64606045
0.297222222,39.05319702,56.08777562,89.71834269
0.297916667,38.09993764,57.43685856,90.9185677
0.298611111,40.27509766,58.78137502,99.15564494
0.299305556,38.14498789,60.11826162,93.31901773
0.3,40.1146204,60.97517541,94.41567002
0.300694444,40.1990871,61.08130304,94.03184172
0.301388889,40.36768754,61.76822654,93.928269
0.302083333,53.41536947,62.84161114,112.7114858
0.302777778,54.34023759,63.92969128,94.89088601
0.303472222,55.28236965,65.03808194,94.43394756
0.304166667,57.31674311,67.43146248,95.23815924
0.304861111,58.88260613,69.72449691,96.52977194
0.305555556,61.21407477,72.01655855,108.9036653
0.30625,63.02173726,74.14322031,98.91194443
0.306944444,64.85865506,76.30430007,100.0877994
0.307638889,66.69111104,78.46013063,101.1905442
0.308333333,60.06324934,80.5151877,101.9094607
0.309027778,61.27469733,82.63351339,102.5918221
0.309722222,58.71520375,84.78651448,103.3594787
0.310416667,65.37733391,86.94023123,104.0601177
0.311111111,65.37733391,88.35537555,104.5414262
0.311805556,64.70908177,89.54453576,105.1506775
0.3125,77.13488201,90.74692002,139.5185419
0.313194444,77.76227349,91.94686949,120.4794395
0.313888889,78.1721348,93.27380318,120.2384489
0.314583333,78.82702189,94.0855895,117.2808704
0.315277778,79.2368832,95.02505844,116.0623678
0.315972222,79.64228949,95.96492419,126.7242651
0.316666667,77.96274913,97.13417173,112.9115365
0.317361111,77.96274913,98.2347005,116.4193293
0.318055556,78.96512733,99.49720961,117.5425347
0.31875,77.73999841,100.5310123,117.7939038
0.319444444,81.90989174,100.9242968,139.9143011
0.320138889,80.52438231,101.3005064,117.7546029
0.320833333,80.19025624,101.7777582,118.309374
0.321527778,79.85613018,100.7054643,117.2884235
0.322222222,78.74237662,99.81392056,119.0873159
0.322916667,80.23035137,99.10109157,131.2936497
0.323611111,78.85375197,98.02375412,123.1478047
0.324305556,78.6755514,97.15604649,123.2033708
0.325,78.74237662,97.35936762,129.8900229
0.325694444,77.07174628,96.69738975,114.1224314
0.326388889,78.87602704,96.17001955,123.5256959
0.327083333,77.07174628,95.58795438,111.1141693
0.327777778,75.31231836,94.96947531,110.3952315
0.328472222,75.08932142,93.69332569,108.9117987
0.329166667,75.06698987,92.83929093,107.9190443
0.329861111,74.08406098,91.96537161,110.1221679
0.330555556,67.71621638,91.02467915,105.8096877
0.33125,67.27071496,89.9117928,104.5160369
0.331944444,61.35133827,88.56130178,102.9461875
0.332638889,64.93183249,87.10346195,101.2515528
0.333333333,72.84393777,86.01026078,134.9491573
0.334027778,67.7479211,84.68404991,106.618973
0.334722222,71.26686273,83.89748269,105.2481577
0.335416667,70.59861059,83.2039765,103.268091
0.336111111,69.8813533,82.67310749,99.82046014
0.336805556,69.19973612,82.50518049,105.4004705
0.3375,65.26595855,82.33139409,95.70436481
0.338194444,64.48633106,81.96548091,95.27901689
0.338888889,63.14982679,82.07259894,95.40353394
0.339583333,62.92707608,81.87972433,95.17933099
0.340277778,66.44935501,81.16825504,97.93714239
0.340972222,58.5834372,81.00477383,94.16226352
0.341666667,59.02893862,80.65456867,93.75517503
0.342361111,58.47206184,79.20327375,92.06814836
0.343055556,57.91518507,78.56633109,91.32774801
0.34375,63.14537178,77.63350742,100.6787731
0.344444444,59.14031398,76.65358376,94.91235401
0.345138889,59.25168934,75.35347392,98.11426331
0.345833333,58.69481256,74.97472927,97.63902271
0.346527778,57.24693293,74.16850236,94.87806303
0.347222222,62.36481972,73.37037614,104.4275489
0.347916667,60.58819361,72.57343966,88.62762895
0.348611111,57.65534901,71.87300114,85.88615218
0.349305556,57.87736254,71.10041153,85.88005966
0.35,58.14223583,70.60106109,86.11157515
0.350694444,59.27538962,69.73575249,87.88449636
0.351388889,54.2128896,68.87065924,86.53195853
0.352083333,54.09992152,68.17731009,86.81221411
0.352777778,52.75809768,67.69436124,86.95234191
0.353472222,45.36415408,67.17005793,87.33617021
0.354166667,56.55315765,66.53312665,123.9826344
0.354861111,50.43262376,65.71477343,95.95707574
0.355555556,50.29791402,65.04542516,96.10938856
0.35625,48.83993215,64.31014707,92.45388092
0.356944444,48.54679362,63.49035571,90.93075273
0.357638889,50.03182573,63.01377073,97.78482957
0.358333333,48.45879591,62.50475896,90.74797735
0.359027778,48.47138794,61.94482631,91.33895108
0.359722222,48.41397329,61.46926649,92.02131251
0.360416667,51.86194451,61.01405236,92.27110553
0.361111111,51.47928282,60.56386214,104.181968
0.361805556,51.10752499,60.12649998,92.75241404
0.3625,51.16324355,60.19205124,93.0692247
0.363194444,50.56382955,59.48685829,91.49735641
0.363888889,50.26981713,59.14096133,90.58957202
0.364583333,49.96901616,58.78707783,112.2545473
0.365277778,47.38641306,58.26910821,95.80476293
0.365972222,47.52791837,57.76431544,96.4140142
0.366666667,47.06086226,58.35241359,96.4140142
0.367361111,46.24366717,58.0706906,95.34782447
0.368055556,49.11200158,57.77882539,104.943532
0.36875,44.53958945,57.45989043,88.91413101
0.369444444,44.53337935,56.80931745,88.84102086
0.370138889,43.46415186,55.91734139,88.42063748
0.370833333,46.74693762,54.9963972,88.03680917
0.371527778,46.03053652,54.15357238,87.67125841
0.372222222,43.08231327,53.29293974,87.38491031
0.372916667,42.77788966,52.36985308,87.06200714
0.373611111,37.83307771,51.64313107,86.19687033
0.374305556,37.81994716,51.11295272,85.31954849
0.375,43.00512295,50.59426229,119.5655626
0.375694444,42.47218248,50.02332083,88.18912199
0.376388889,42.06559746,49.48893819,87.73218354
0.377083333,41.63660555,49.40410116,86.05674253
0.377777778,38.17658714,49.06174103,84.38130153
0.378472222,41.4485875,48.76304411,93.67238346
0.379166667,38.69103533,48.51252692,81.61530074
0.379861111,40.29905245,48.13196017,81.45689541
0.380555556,35.71791086,47.97980179,81.69450341
0.38125,35.5382279,48.1365112,81.90774135
0.381944444,41.08672232,48.33732038,90.62612709
0.382638889,36.12012304,48.72738475,82.51699263
0.383333333,36.50574681,49.19273027,82.84598832
0.384027778,34.92835625,48.53501489,81.43252536
0.384722222,34.88803596,48.71152735,80.79281152
0.385416667,41.55683715,48.89039665,94.58626038
0.386111111,37.26443655,48.93706025,79.586494
0.386805556,38.18606995,48.99943483,79.00770529
0.3875,38.14066155,49.67923308,79.9215822
0.388194444,38.67007482,49.68975996,80.50037091
0.388888889,42.19675635,49.64324276,90.62612709
0.389583333,42.49729857,49.99682184,81.737151
0.390277778,42.7239317,50.26344906,82.40123489
0.390972222,42.58756635,50.10301924,82.88254339
0.391666667,42.74248253,50.28527357,83.52225723
0.392361111,42.85212048,50.41425939,84.22898871
0.393055556,43.02797925,50.62115206,84.50315178
0.39375,43.02902421,50.62238143,84.97836778
0.394444444,42.62820702,50.64799921,85.11849557
0.395138889,39.50204705,50.93316923,85.35610357
0.395833333,43.50013259,51.17662657,116.5193063
0.396527778,38.91473152,51.46419964,95.34782447
0.397222222,39.31056185,51.72605839,95.95707574
0.397916667,43.23146642,51.74415234,96.4140142
0.398611111,41.20405622,51.70083115,95.65245011
0.399305556,41.88368336,51.6221652,102.6588398
0.4,39.99302746,51.59534877,89.864563
0.400694444,39.24669547,51.48726834,87.88449636
0.401388889,39.32482553,51.62438699,86.82439914
0.402083333,34.9141601,51.59140967,87.0924697
0.402777778,43.81061346,51.54189819,98.08945521
0.403472222,43.32429961,51.64189887,87.60424077
0.404166667,43.35953842,51.88368295,87.86621882
0.404861111,43.61977361,51.31738072,86.55632858
0.405555556,43.60088916,51.29516371,85.76430192
0.40625,43.55758171,51.24421378,101.59265
0.406944444,43.35079954,51.00094063,84.10104594
0.407638889,43.20236094,50.82630699,83.18716903
0.408333333,44.13069561,51.91846542,84.52752183
0.409027778,44.5659151,52.43048836,85.35001105
0.409722222,45.03516579,52.98254798,91.99694246
0.410416667,45.28567113,53.27726015,87.14730231
0.411111111,45.01810572,53.90769062,88.06117923
0.411805556,44.75322135,54.06660882,88.87148342
0.4125,44.63995872,54.07161907,89.73052772
0.413194444,45.96649523,54.07822968,90.58957202
0.413888889,38.44262017,54.22518013,91.55828154
0.414583333,38.22787579,54.36718154,92.47215845
0.415277778,38.06191204,54.35901701,92.91081937
0.415972222,37.49309136,54.35144784,93.33120275
0.416666667,46.19379252,54.34563825,136.1676599
0.417361111,46.17774644,54.32676052,110.4267935
0.418055556,46.19731474,54.34978205,111.0360448
0.41875,45.58745906,54.38554048,108.5990397
0.419444444,45.98918213,54.10492016,108.9036653
0.420138889,45.77680397,53.8550635,118.3470601
0.420833333,43.43076745,53.64474555,103.1157782
0.421527778,43.50001383,53.53634498,103.268091
0.422222222,45.41604923,53.43064615,103.4204039
0.422916667,45.48742909,53.51462246,102.0495885
0.423611111,45.55173149,53.59027234,112.559173
0.424305556,45.33096807,53.66488285,100.1852796
0.425,45.24997963,53.74390393,100.6787731
0.425694444,44.75428501,52.65210001,99.06425724
0.426388889,44.264576,52.07597176,98.02243756
0.427083333,43.76078424,51.48327558,116.8239319
0.427777778,39.5591223,51.08701194,95.82304046
0.428472222,39.70865174,50.48522077,94.63500048
0.429166667,40.28396498,51.70789366,95.19551165
0.429861111,42.3364467,52.91023698,95.35391698
0.430555556,44.31454542,54.13847839,103.5727167
0.43125,40.22711664,55.15691983,95.57324744
0.431944444,39.83543588,56.15563914,95.61589503
0.432638889,39.64738531,57.10955208,95.60371
0.433333333,39.17228937,57.91968519,95.81085544
0.434027778,41.89121657,58.73241896,95.97535328
0.434722222,38.63078967,59.53260803,96.16422118
0.435416667,38.38316856,60.2919795,96.32871902
0.436111111,37.16685665,60.89520094,96.09720354
0.436805556,35.52274526,62.03791256,96.15812866
0.4375,53.69868892,63.17492814,132.3598394
0.438194444,54.62047683,64.25938451,107.0759115
0.438888889,55.45763721,65.24427907,106.9235987
0.439583333,56.86776705,66.90325535,105.2481577
0.440277778,57.43267045,67.56784759,103.1157782
0.440972222,58.0402911,68.28269542,112.2545473
0.441666667,58.63571709,68.98319657,97.8457547
0.442361111,59.21310894,69.6624811,98.20521295
0.443055556,59.8017657,70.35501847,98.73526156
0.44375,59.98037762,70.56515014,99.07644227
0.444444444,60.21381399,70.83978117,111.0360448
0.445138889,60.51881189,71.19860222,100.0025042
0.445833333,60.87617151,71.61902531,100.4838127
0.446527778,59.64902669,70.17532552,99.19829252
0.447222222,58.43480088,68.74682456,98.46109848
0.447916667,57.18990762,67.28224426,117.8901216
0.448611111,54.34970161,65.84678075,96.99280291
0.449305556,54.76721024,64.43201205,97.17557829
0.45,54.53303484,65.62561462,98.23567551
0.450694444,53.60708569,66.3273735,99.45417806
0.451388889,56.60763555,67.03056551,109.0559781
0.452083333,43.09608765,67.7441583,101.8546281
0.452777778,44.21907799,68.44221246,103.0365756
0.453472222,44.79180397,69.31267508,103.956545
0.454166667,44.45673588,69.91451576,104.8460518
0.454861111,46.8831889,70.49308553,105.7599288
0.455555556,38.62491768,71.08465477,106.7164533
0.45625,38.4778125,71.66592335,107.5633125
0.456944444,38.51256703,71.65271512,107.7887355
0.457638889,38.41105403,72.28066219,107.9349558
0.458333333,61.9477468,72.87970212,159.3192083
0.459027778,62.48022458,73.50614656,126.2673267
0.459722222,62.76111894,73.83661052,126.2673267
0.460416667,64.06685334,75.37276864,125.5057626
0.461111111,65.09983161,76.58803719,124.4395728
0.461805556,66.09884377,77.76334561,134.0352804
0.4625,67.05554728,78.88887915,116.3669934
0.463194444,68.02070004,80.02435298,116.3669934
0.463888889,69.05278819,81.23857434,114.6915524
0.464583333,69.35684009,81.59628246,111.3406704
0.465277778,69.66696981,81.96114095,123.5256959
0.465972222,67.69357684,82.32036909,111.5600009
0.466666667,67.75555061,82.68189445,111.8646265
0.467361111,67.84497929,80.43745992,109.5372867
0.468055556,60.62944477,78.73938076,108.0019734
0.46875,65.48281742,77.03860873,123.5256959
0.469444444,64.0270248,75.32591153,104.8582369
0.470138889,62.58591771,73.63049143,103.3046461
0.470833333,62.3616078,73.36659741,103.7615846
0.471527778,61.62032937,72.49450514,103.6701969
0.472222222,60.89936481,71.64631154,114.3869268
0.472916667,46.22621535,70.80017233,103.505699
0.473611111,46.23105532,69.95945772,103.5300691
0.474305556,46.14616497,69.10108284,103.4264964
0.475,46.09346801,68.8263537,103.5239766
0.475694444,47.07546789,68.55194943,103.6336418
0.476388889,41.37449068,68.27795608,103.8590648
0.477083333,41.32199692,68.33877615,104.0783952
0.477777778,40.92399339,67.23395492,103.8956199
0.478472222,40.84365539,66.68026188,103.8164172
0.479166667,56.22078979,66.14210564,145.4587418
0.479861111,55.77405714,65.61653781,114.0823012
0.480555556,55.32647849,65.08997469,114.5392396
0.48125,55.0301662,64.74137201,112.4068602
0.481944444,55.22067155,64.96549594,111.9499217
0.482638889,55.38780719,65.16212611,120.936378
0.483333333,55.57377529,65.38091211,105.2359727
0.484027778,55.75078514,65.58915899,105.4857657
0.484722222,56.31891429,66.25754623,106.1620346
0.485416667,56.88577015,66.92443546,106.6677132
0.486111111,57.45783113,67.59744839,118.9563114
0.486805556,57.15456736,68.42136704,107.794828
0.4875,57.7585618,69.23528975,108.3309691
0.488194444,57.54107522,68.36470953,106.856581
0.488888889,57.39608861,68.095563,106.1681271
0.489583333,57.84399378,68.05175739,128.7043318
0.490277778,50.98884903,67.97006219,104.6998315
0.490972222,50.40944627,67.88178988,103.96873
0.491666667,50.79536755,71.27280118,105.4126555
0.492361111,50.5187143,73.59070514,106.2168672
0.493055556,61.2786966,75.90315932,118.0424344
0.49375,55.54588698,78.25584696,107.8131055
0.494444444,55.62352153,80.60487396,108.5381146
0.495138889,58.43226478,82.97148227,108.9341279
0.495833333,58.13951305,85.35557812,109.2996787
0.496527778,59.43430657,87.55447024,109.6286743
0.497222222,52.37953381,89.73544826,109.9942251
0.497916667,57.2098573,91.52161255,110.3354058
0.498611111,56.18302789,93.20200707,109.9393925
0.499305556,55.87644151,94.42300734,109.7600015
0.5,80.06997086,95.68507122,182.0303525
0.500694444,79.89177029,96.59373216,151.9513524
0.501388889,79.79375998,97.51546052,151.8871717
0.502083333,80.01651069,98.48071408,153.1906261
0.502777778,80.03433075,99.25736326,152.946464
0.503472222,80.04769579,100.0239763,158.7247954
0.504166667,79.41062875,100.6520731,147.4460014
0.504861111,78.96512733,101.2759302,142.889849
0.505555556,79.2992534,102.4087678,142.0718262
0.50625,78.40825055,103.2009978,130.3999788
0.506944444,80.30608661,103.7615235,138.1046775
0.507638889,71.50297848,104.2649778,121.2005892
0.508333333,72.39398133,104.7551083,121.7703309
0.509027778,70.10441256,101.6955577,118.2138219
0.509722222,70.10544195,99.20987301,115.324391
0.510416667,77.06729127,96.61725522,125.6580754
0.511111111,72.04968212,93.97906907,109.243955
0.511805556,71.91404951,91.33691056,106.1726345
0.5125,71.77932123,89.98925837,104.6060851
0.513194444,71.39647664,87.95587329,103.980915
0.513888889,73.24800329,86.17412152,115.1484909
0.514583333,69.21442174,84.40129971,104.6145364
0.515277778,69.12102847,83.02473467,104.8643294
0.515972222,66.88143187,81.48082551,105.0958449
0.516666667,66.29171433,80.80272681,105.5223208
0.517361111,67.86730342,79.84388638,105.7903913
0.518055556,58.29024219,79.2241744,106.1803121
0.51875,55.97098295,78.58577367,106.4727527
0.519444444,55.9557774,77.95747574,106.1864046
0.520138889,55.69282642,77.25026808,106.1803121
0.520833333,65.08036297,76.5651329,146.98187
0.521527778,64.50583397,75.88921644,116.5193063
0.522222222,63.93650819,75.2194214,116.5193063
0.522916667,63.43165113,74.62547192,115.7577422
0.523611111,63.2315617,74.39007259,113.4730499
0.524305556,63.04193353,74.16698062,124.5918856
0.525,62.52550743,74.24347888,108.4467269
0.525694444,56.85294441,74.35878967,107.6790703
0.526388889,56.93553295,74.65219986,108.245674
0.527083333,56.53942643,74.34326202,108.4101718
0.527777778,63.06175783,74.19030333,118.4993729
0.528472222,57.02151937,74.03783907,108.6965199
0.529166667,57.35492703,73.83782587,108.8975728
0.529861111,57.4160964,72.59852201,107.0454489
0.530555556,57.16333204,72.3019641,106.0097218
0.53125,61.11143743,71.89580874,126.7242651
0.531944444,60.70531125,71.41801324,104.7912192
0.532638889,60.30739147,70.94987232,104.943532
0.533333333,61.83991064,72.75283605,104.181968
0.534027778,63.20335119,74.35688375,104.2246155
0.534722222,64.79013733,76.22369098,118.1947473
0.535416667,51.7253131,77.87300947,105.0836598
0.536111111,52.72061078,78.97677869,105.4918582
0.536805556,52.71591183,79.85001809,105.7416512
0.5375,51.44254589,80.80511738,106.0706469
0.538194444,61.09115512,81.50329641,106.4483827
0.538888889,58.30531594,82.21238334,106.8504885
0.539583333,57.99199246,82.91927164,107.2891495
0.540277778,56.06124055,83.12258056,107.1977618
0.540972222,56.15207812,82.71480905,107.2465019
0.541666667,69.96006087,82.30595396,151.2466289
0.542361111,69.45354843,81.71005698,132.1223441
0.543055556,68.93151039,81.09589458,132.000736
0.54375,70.43875148,82.86911939,125.7933033
0.544444444,72.37579049,85.14798881,115.1484909
0.545138889,74.2559393,87.35992859,124.7441985
0.545833333,76.1514129,89.58989753,109.2631236
0.546527778,72.1912315,91.85489937,109.5555642
0.547222222,72.48419368,93.76439474,110.1891855
0.547916667,72.18470833,95.3772121,110.8691964
0.548611111,75.20599267,97.09454552,124.4395728
0.549305556,55.54704127,98.8802425,114.941219
0.55,55.69215368,100.6445861,116.9921424
0.550694444,55.84420883,100.4927864,116.8156862
0.551388889,55.6911177,100.5969218,116.9367361
0.552083333,78.25678007,100.5798663,153.1755163
0.552777778,77.53952277,100.2825288,136.9631988
0.553472222,76.77771534,100.5414963,136.379308
0.554166667,76.84899557,102.4016151,136.896822
0.554861111,75.28974058,104.061939,136.1734949
0.555555556,77.74445343,106.2730333,139.0373044
0.55625,70.72335099,108.4803881,126.6058186
0.556944444,70.61197564,110.6932048,129.2146405
0.557638889,69.49822208,112.8122799,131.1362173
0.558333333,68.49584388,114.0247607,132.5456397
0.559027778,73.84186096,115.2025293,141.2215831
0.559722222,65.93421069,116.3666387,135.2679055
0.560416667,66.37971211,117.4968063,136.5816447
0.561111111,66.60246283,119.0892508,138.4327477
0.561805556,65.1545832,120.8852498,140.5204683
0.5625,77.22321676,122.7174471,173.0279925
0.563194444,77.03165115,124.517289,153.9865878
0.563888889,76.8267205,126.3236675,162.9820374
0.564583333,76.95591591,128.6673722,163.27401
0.565277778,76.88018067,129.2391327,163.0231711
0.565972222,76.81335545,129.7258043,164.4307718
0.566666667,76.79108038,130.2349717,151.3888521
0.567361111,76.77771534,130.7459583,151.9828375
0.568055556,76.96928095,130.0424091,151.1650118
0.56875,77.00046605,127.6748271,148.4128669
0.569444444,77.01828611,125.446446,199.4530904
0.570138889,72.05985526,123.6934568,189.156213
0.570833333,73.06223347,121.9398474,189.6242695
0.571527778,72.05985526,118.7183847,189.2015145
0.572222222,70.16647421,115.7213859,188.668143
0.572916667,74.14925694,112.347879,207.147038
0.573611111,68.82996994,108.9540907,143.2215864
0.574305556,68.9413453,105.5610379,143.357665
0.575,68.9413453,106.1716299,143.3576779
0.575694444,68.16171781,108.0580034,142.914225
0.576388889,74.83978415,109.9690639,127.8311818
0.577083333,48.51327997,111.8296481,129.9939781
0.577777778,48.8070687,113.732007,132.2053344
0.578472222,48.41410944,112.9134605,131.2538325
0.579166667,48.2333827,112.0558577,130.2569305
0.579861111,58.0667842,111.2724906,129.3463222
0.580555556,48.91303673,110.4776501,128.422377
0.58125,47.48996391,109.7077549,127.5274288
0.581944444,47.2724806,108.4566112,126.0730636
0.582638889,47.10469178,109.1910093,126.9267489
0.583333333,80.71594792,109.9276419,182.1750111
0.584027778,81.12135422,110.651147,166.0189975
0.584722222,81.52676052,111.3458931,165.9261113
0.585416667,82.32866308,113.2657032,164.2702313
0.586111111,82.82316966,115.2331797,164.2885018
0.586805556,83.28649114,117.1951359,175.6655428
0.5875,83.72753755,118.4679365,164.2336633
0.588194444,84.15967393,119.7428738,166.8590618
0.588888889,84.77001088,120.6986414,166.1028833
0.589583333,85.16650715,121.2401627,166.2944379
0.590277778,85.54963837,121.8489311,170.7879075
0.590972222,81.19263445,122.4609609,164.5637203
0.591666667,80.85850838,123.0721799,164.7647358
0.592361111,79.07650269,119.6216369,164.3832523
0.593055556,78.29687519,116.0484258,163.1040439
0.59375,83.03255533,112.5321744,176.5669914
0.594444444,79.07650269,109.0738401,126.7905482
0.595138889,78.40825055,105.6069013,123.7625904
0.595833333,75.46112104,103.5860336,120.411365
0.596527778,75.32580148,101.4218184,117.8956195
0.597222222,78.37684515,99.17566502,120.6317524
0.597916667,60.4203638,96.95264085,112.7005198
0.598611111,60.42629205,94.71580383,111.9011816
0.599305556,60.2781158,92.79565562,111.8524415
0.6,60.09309545,90.90821879,112.0778645
0.600694444,59.8873788,89.01149518,112.33375
0.601388889,45.46695868,87.0799077,112.6871157
0.602083333,46.60942938,85.164545,113.0222039
0.602777778,46.62934546,83.04121776,112.9673713
0.603472222,46.45985655,82.38394042,113.0770366
0.604166667,69.42137036,81.67220043,152.1605058
0.604861111,69.32574959,81.5597054,124.28726
0.605555556,69.25321595,81.47437171,124.4395728
0.60625,69.61882874,81.9045044,124.1349472
0.606944444,69.57789784,81.8563504,123.0687575
0.607638889,69.59205245,81.87300288,134.339906
0.608333333,69.55829345,81.83328641,116.6716191
0.609027778,69.50073638,81.76557221,116.9762447
0.609722222,70.64485689,83.11159634,117.3174254
0.610416667,72.35915875,85.12842206,118.0302494
0.611111111,74.11430648,87.19330174,133.5783419
0.611805556,75.85630297,89.24270938,119.5472851
0.6125,75.37416267,91.13686928,120.2905717
0.613194444,73.0706016,91.23109777,119.0659766
0.613888889,73.51246062,91.4477636,118.3653376
0.614583333,77.95397698,91.71056116,141.955547
0.615277778,59.39709118,91.97749005,117.0737249
0.615972222,60.78015731,92.1435767,116.4522886
0.616666667,59.43414088,94.28731349,118.286135
0.617361111,58.65416864,94.60795695,119.3279546
0.618055556,80.9881354,95.28015929,130.0751471
0.61875,81.53628609,95.92504246,121.3567614
0.619444444,82.11620117,96.60729549,123.7482105
0.620138889,82.58332419,97.15685199,123.3258187
0.620833333,81.97226194,97.60002981,124.0313745
0.621527778,83.34127397,98.04855761,124.9147888
0.622222222,78.07412448,98.5298664,125.8042957
0.622916667,78.96512733,98.98122128,126.5902298
0.623611111,79.18787804,98.96035934,126.9070405
0.624305556,77.59565811,99.6878154,127.4675517
0.625,85.29220493,100.3437705,180.1860645
0.625694444,85.82242049,100.9675535,142.7171111
0.626388889,86.37944937,101.6228816,143.630988
0.627083333,86.47523624,101.735572,141.0416701
0.627777778,85.1382721,100.1626731,139.8231675
0.628472222,83.7604942,98.54175788,153.9882596
0.629166667,82.9758576,97.618656,132.9690907
0.629861111,82.32308988,96.85069397,132.2075266
0.630555556,81.81071674,96.24790205,131.4215924
0.63125,81.28081313,95.62448604,131.8541608
0.631944444,80.77993916,95.03522254,149.8758135
0.632638889,74.85553262,94.44449364,132.5182447
0.633333333,74.71920328,93.98208135,132.8716105
0.634027778,72.68952992,91.14824675,130.714861
0.634722222,72.57989066,90.0539711,129.301398
0.635416667,75.28430073,88.56976557,156.4252647
0.636111111,54.90040197,87.16367296,126.437917
0.636805556,56.04367491,85.74021149,125.0183615
0.6375,70.56334277,86.61375303,125.5849652
0.638194444,70.39156143,87.63210876,125.8895909
0.638888889,74.70110364,88.69581515,135.1014701
0.639583333,65.45919476,89.83633675,126.675525
0.640277778,67.34381121,90.36186558,127.0837234
0.640972222,67.33901973,91.58341407,127.162926
0.641666667,67.76939697,93.04134048,127.4309966
0.642361111,69.41712499,94.41911752,127.6807896
0.643055556,63.78583838,95.85691837,127.9976003
0.64375,62.9200984,97.34963488,128.3022259
0.644444444,62.97965718,98.65240898,128.1864682
0.645138889,62.81406236,100.8994796,128.6251291
0.645833333,87.65257441,103.1206758,168.1533518
0.646527778,88.95816167,104.6566608,146.8935025
0.647222222,90.21837133,106.1392604,147.0255237
0.647916667,91.74668489,107.9372763,147.0602024
0.648611111,92.85992177,109.2469668,138.9092906
0.649305556,93.9000803,110.4706827,154.5780474
0.65,94.87998823,111.6235156,144.7380416
0.650694444,95.89291169,112.8151902,142.2224044
0.651388889,97.15692613,114.302266,141.1910332
0.652083333,97.93457795,115.8048794,142.6369828
0.652777778,98.21078883,117.3166215,162.1505977
0.653472222,95.89418143,118.077496,140.3812376
0.654166667,97.11931034,118.8416721,141.1928045
0.654861111,97.11931034,117.3518276,141.1366402
0.655555556,95.89418143,116.8052144,139.3503001
0.65625,95.77389604,116.6247051,159.4715211
0.656944444,93.29011691,116.4716723,135.3899996
0.657638889,93.34777424,117.0747414,136.0910244
0.658333333,91.83671816,118.8413689,138.1446027
0.659027778,90.99366577,120.4824782,140.0522751
0.659722222,95.96991667,122.2524788,142.1097743
0.660416667,86.8727776,123.5196926,143.5828198
0.661111111,85.0907719,124.7133831,144.9703997
0.661805556,79.14823874,125.2983455,145.6503767
0.6625,79.05280647,126.1547322,146.6458651
0.663194444,82.57161344,127.0241453,147.6564957
0.663888889,82.52913872,127.8832625,148.6551582
0.664583333,82.86326479,128.8166287,149.7401297
0.665277778,82.64051407,129.5124595,150.5489833
0.665972222,82.75188943,130.0768993,151.2051042
0.666666667,97.73855732,130.6728071,205.9175045
0.667361111,97.82320259,131.2541257,192.4298519
0.668055556,97.96576305,131.8612808,193.6598854
0.66875,98.54936991,134.0007041,178.0171709
0.669444444,98.91913609,134.2141601,177.32648
0.670138889,99.36909253,134.4630777,179.1500232
0.670833333,99.85468908,135.4594237,165.2684462
0.671527778,100.3135555,135.7121349,166.4585705
0.672222222,100.9818077,136.1076042,166.1032013
0.672916667,101.2936587,135.6328748,166.4745889
0.673611111,101.5698696,134.6661738,174.6314338
0.674305556,95.11455393,133.6583598,155.3682963
0.675,96.11693214,133.029065,154.636786
0.675694444,94.33492644,131.2100565,152.5223185
0.676388889,94.55767715,129.6639872,150.7251234
0.677083333,98.31770917,128.0719935,200.3209503
0.677777778,96.11693214,126.9386235,147.5570828
0.678472222,96.26394761,125.7626442,146.1900908
0.679166667,95.67143071,126.937553,147.5558384
0.679861111,84.42292001,126.2252775,146.7278691
0.680555556,90.97533682,125.4622252,146.0679931
0.68125,85.70906898,124.7281724,144.9875913
0.681944444,83.13092089,123.8843532,144.0067117
0.682638889,82.86650295,123.0223246,143.004665
0.683333333,87.20690367,122.9238608,142.890208
0.684027778,94.11217573,122.8118049,153.0558164
0.684722222,84.31114441,122.9597809,147.4999744
0.685416667,84.19976906,123.0201297,147.3954112
0.686111111,82.86326479,121.6081021,145.0806285
0.686805556,81.19263445,121.9827276,143.1516813
0.6875,94.74033274,122.3546755,213.293714
0.688194444,94.52203704,122.7228802,144.5692116
0.688888889,94.33047143,123.8725488,144.2837245
0.689583333,94.53540208,126.6383389,147.2080234
0.690277778,94.49530696,128.1061669,148.9142685
0.690972222,94.45521183,129.6790618,150.7426465
0.691666667,93.4439236,131.0486721,152.3347207
0.692361111,93.22117288,131.9011108,153.3256198
0.693055556,92.88704682,133.671063,155.3830628
0.69375,92.21879468,135.3339411,157.3160398
0.694444444,94.3215614,137.0594652,159.3218383
0.695138889,90.43678899,138.0426596,160.4647316
0.695833333,90.88229041,139.1808345,161.7877787
0.696527778,90.21403827,138.7704312,161.3107141
0.697222222,89.99128756,140.6049621,163.4432252
0.697916667,90.96693568,142.4357712,204.7903442
0.698611111,89.32303543,144.232572,167.6600627
0.699305556,88.76615865,146.0173013,169.734683
0.7,88.20928187,150.6565045,175.1274253
0.700694444,87.20690367,153.9432991,178.9480892
0.701388889,91.16295631,157.2398014,204.49189
0.702083333,81.52676052,160.2677,195.8243993
0.702777778,80.63575767,163.2262588,197.5403753
0.703472222,79.74475482,166.4820087,193.5234435
0.704166667,80.07888089,168.9958613,196.4456177
0.704861111,87.76378045,171.620209,201.3671
0.705555556,79.18787804,174.2489985,202.5520144
0.70625,78.85375197,176.7869705,205.5022256
0.706944444,78.40825055,177.613908,206.4634814
0.707638889,77.5172477,178.21523,207.1624753
0.708333333,94.13890582,178.8212713,284.3988257
0.709027778,94.37056656,179.7607215,236.6383072
0.709722222,94.63786741,180.7055916,237.5187596
0.710416667,95.4174949,181.5888895,234.7792176
0.711111111,95.98328171,181.7855063,232.6858077
0.711805556,96.54906852,181.7071819,253.9008376
0.7125,97.19059057,182.4852626,221.0425947
0.713194444,97.73855732,183.0701337,224.2877169
0.713888889,98.12168854,183.4968992,224.289523
0.714583333,97.56481176,182.6822338,222.6191325
0.715277778,99.00378136,181.8755075,228.8217395
0.715972222,93.22117288,181.0759314,210.4878363
0.716666667,94.66905251,180.3767324,209.6750674
0.717361111,94.00080038,176.6564732,205.3505318
0.718055556,93.88942502,174.2238863,202.5228233
0.71875,95.44868,171.6907595,230.1611551
0.719444444,94.30374134,169.2496782,201.5382252
0.720138889,93.1632577,166.8765031,195.264213
0.720833333,93.4439236,165.6857165,196.2645382
0.721527778,93.27908807,162.5317549,193.2246321
0.722222222,93.12316257,159.2756521,213.7692101
0.722916667,85.98177475,155.9415411,181.2709029
0.723611111,86.31590082,152.6839976,177.4842412
0.724305556,84.75664584,149.4694772,173.7511672
0.725,84.31114441,147.3889898,173.4988851
0.725694444,87.76378045,145.2799084,176.2854368
0.726388889,77.07174628,143.0264752,166.2580612
0.727083333,75.84661736,140.7706936,163.9042841
0.727777778,75.73524201,137.094151,163.8396507
0.728472222,74.84423916,133.6219221,163.7196466
0.729166667,90.2853185,130.3781869,219.2957265
0.729861111,89.76853685,127.0953875,147.7393097
0.730555556,89.31858041,123.9165067,144.0440878
0.73125,89.15374489,120.9118514,140.5513907
0.731944444,88.94881423,118.3621862,137.5875871
0.732638889,88.69487842,115.8587428,140.8893572
0.733333333,85.46814904,113.3555297,131.7677065
0.734027778,84.61533436,110.8580827,128.8646027
0.734722222,84.04858488,108.3505144,125.9497337
0.735416667,83.97139743,105.7782461,122.9596555
0.736111111,87.75632086,103.2427304,137.3861624
0.736805556,73.58547309,100.7370972,120.2722941
0.7375,73.85323451,98.22121708,120.0590562
0.738194444,73.75458434,93.90490897,117.7256238
0.738888889,73.73999031,92.28098427,116.1293854
0.739583333,77.05812024,90.65661205,138.1477265
0.740277778,73.20477344,89.16974703,112.9734638
0.740972222,74.06784502,87.57484316,111.3528555
0.741666667,73.85839349,91.13784675,111.8646265
0.742361111,73.79644692,93.99595798,111.6574811
0.743055556,75.6189722,96.90664651,120.936378
0.74375,66.68331748,99.27067642,115.3950706
0.744444444,65.97164867,101.6229018,118.1293645
0.745138889,66.55938883,103.8421619,120.7090959
0.745833333,66.25389257,105.8922687,123.0921987
0.746527778,68.63356783,107.8951398,125.4203932
0.747222222,60.10238966,109.902516,127.7538246
0.747916667,60.29530351,111.8453211,130.0121968
0.748611111,61.56097772,113.0906305,131.4597801
0.749305556,59.67077419,114.7930388,133.4387081
0.75,78.47507576,116.4277161,238.9489093
0.750694444,78.03848437,118.0592901,199.9418342
0.751388889,77.5796179,119.679597,200.3034904
0.752083333,77.4548775,122.3955107,183.6421348
0.752777778,77.10293138,122.5663131,183.1935278
0.753472222,76.79999041,122.7310188,187.8114849
0.754166667,76.55496463,122.7296994,160.2103414
0.754861111,76.31439386,122.7344825,159.2038165
0.755555556,76.2342036,122.8279576,159.1998285
0.75625,75.40111594,122.7997207,157.3033884
0.756944444,75.81097725,122.4511277,162.6413626
0.757638889,69.49822208,122.0346665,149.5853416
0.758333333,69.83234815,121.7166463,148.7973366
0.759027778,68.27309316,116.4612107,148.4207136
0.759722222,67.27071496,111.8353519,148.0085696
0.760416667,71.27131774,107.1965317,182.340102
0.761111111,66.26833676,102.9985628,119.7284722
0.761805556,65.71145998,98.80791152,114.8571394
0.7625,65.93421069,97.91896261,113.8237998
0.763194444,64.93183249,96.95737376,112.7060215
0.763888889,69.33338655,96.03371833,111.632338
0.764583333,59.50235664,95.10463713,110.5523475
0.765277778,52.887703,94.24090063,109.5483155
0.765972222,52.71117642,93.4351472,108.6116847
0.766666667,52.91284532,92.42131465,107.4331768
0.767361111,63.04806143,91.43158674,106.2826888
0.768055556,47.90351247,90.45067449,105.1424483
0.76875,47.89253671,89.46333057,103.9947315
0.769444444,45.07738113,87.50126602,101.7139717
0.770138889,44.90484636,87.90343803,102.1814679
0.770833333,68.10825764,88.34328685,161.9779946
0.771527778,67.76967655,88.90796887,132.2658826
0.772222222,67.4711906,89.4485647,132.36173
0.772916667,67.39100034,90.22302827,132.2000651
0.773611111,67.20388975,89.31618866,132.2025889
0.774305556,67.06578431,88.71915127,139.2255924
0.775,66.88758374,88.07454738,120.1226434
0.775694444,66.655923,87.40879595,120.0351366
0.776388889,66.56682271,87.88097659,119.914703
0.777083333,66.26833676,88.78854563,119.3156499
0.777777778,65.97430582,89.770092,125.3211049
0.778472222,58.02656042,90.87625549,107.844686
0.779166667,58.13793578,91.98378256,107.7891709
0.779861111,57.46968364,89.67686641,107.3958819
0.780555556,57.46968364,87.39258868,106.4554743
0.78125,61.22971566,85.04829918,119.0836456
0.781944444,40.23201501,82.77058751,96.2148958
0.782638889,40.20065846,80.4891717,93.56291287
0.783333333,39.01334374,79.12416679,91.97619217
0.784027778,38.7656275,77.75723306,90.38722934
0.784722222,57.78153464,76.39796975,99.94410404
0.785416667,51.56678978,75.11702207,91.885677
0.786111111,51.67816514,73.85029206,94.02050099
0.786805556,51.23266371,72.42616451,93.79206109
0.7875,50.34166086,70.72096792,93.5957353
0.788194444,54.23979832,69.01388937,94.93736318
0.788888889,47.33452626,67.67415455,78.66637079
0.789583333,46.9704147,66.35871112,77.13726177
0.790277778,48.11415375,64.70751881,75.21786865
0.790972222,47.66865232,64.42565103,74.89021749
0.791666667,53.06812958,64.21376116,104.7912192
0.792361111,52.55134793,64.23427177,80.39857286
0.793055556,52.0746614,64.16184805,80.53397413
0.79375,51.69153018,63.63233848,82.6894483
0.794444444,51.29948893,62.92862952,82.50357119
0.795138889,50.9163577,61.98626435,83.93494088
0.795833333,42.6235969,61.05994991,70.97783034
0.796527778,42.54301097,59.76657571,69.47437523
0.797222222,47.89140303,58.48353247,68.462231
0.797916667,47.66865232,57.41516366,68.22774877
0.798611111,47.94386764,56.40455017,73.87171704
0.799305556,34.2423248,55.33693324,66.89578995
0.8,35.69799864,54.24379401,66.40838893
0.800694444,39.44919429,51.96766709,64.34302711
0.801388889,37.22662352,50.12070324,62.94784169
0.802083333,40.9525388,48.17945741,84.5561776
0.802777778,39.22969158,46.15257833,71.4353921
0.803472222,37.51113473,44.13074674,66.63469585
0.804166667,36.78319816,43.27435078,66.87270172
0.804861111,36.3191837,42.72845141,58.04946144
0.805555556,35.85951101,42.18766001,65.64682483
0.80625,25.47274164,40.82401848,57.31835991
0.806944444,25.49487804,39.46707879,56.98327171
0.807638889,25.58012048,38.86117448,56.642091
0.808333333,24.9609035,39.01576783,56.45931561
0.809027778,24.43156182,39.07927565,56.22170762
0.809722222,19.54168385,38.96065488,55.95363706
0.810416667,17.63720076,38.94240041,55.69165901
0.811111111,17.3936367,37.84156985,55.19207296
0.811805556,17.3649775,36.51195448,54.91181738
0.8125,30.04888114,35.35162487,75.09021959
0.813194444,29.05543523,34.18286497,57.72655827
0.813888889,28.38062015,33.38896489,58.0311839
0.814583333,21.08409891,34.41499433,57.26961981
0.815277778,21.05505305,35.83465782,56.81268135
0.815972222,31.66611104,37.25424829,65.3421992
0.816666667,32.85719548,38.65552409,54.98492753
0.817361111,34.09578158,40.11268421,53.9187378
0.818055556,35.43395772,41.68700908,52.85254807
0.81875,36.65115169,43.11900198,52.578385
0.819444444,37.94509357,44.64128656,61.53437873
0.820138889,23.98121267,46.18970245,53.69222983
0.820833333,24.06813281,47.7374438,55.4913686
0.821527778,24.06302566,48.35475945,56.20895395
0.822222222,24.0852182,49.5192969,57.56264555
0.822916667,36.29054596,50.4406392,87.46835844
0.823611111,34.30360962,51.83381642,76.09201479
0.824305556,34.52636033,53.22089915,76.12016536
0.825,33.30123141,54.8675717,75.70450287
0.825694444,33.18985606,56.02347501,76.48172246
0.826388889,34.44171506,57.2088809,79.16270584
0.827083333,30.2940968,58.32060154,68.33922094
0.827777778,30.51684752,59.41647286,69.06740566
0.828472222,30.07134609,60.62183642,70.46855471
0.829166667,29.73722002,62.33509736,72.46009818
0.829861111,32.0761025,63.94179333,76.98709631
0.830555556,28.51209111,65.54351146,76.26851929
0.83125,28.51209111,67.03837261,77.92731971
0.831944444,28.95759253,67.0807503,77.97658074
0.832638889,28.17796504,66.16624536,76.91353407
0.833333333,30.6371329,65.25142973,101.3442858
0.834027778,30.30746185,64.20581484,84.91250668
0.834722222,29.98224581,63.13345527,85.11358738
0.835416667,29.77731515,61.99021884,82.80945105
0.836111111,29.63920971,60.69387887,82.2260691
0.836805556,29.4788292,59.39333027,87.59398157
0.8375,28.95759253,58.0590654,82.58440649
0.838194444,27.95521433,56.72545434,79.60642098
0.838888889,27.39833755,56.49065727,79.45477707
0.839583333,26.95283613,56.20715014,76.37978676
0.840277778,29.15361316,56.16587879,88.69988433
0.840972222,25.5049565,56.11296665,65.22731566
0.841666667,25.61633186,56.06839975,65.17550983
0.842361111,25.05945508,54.95135056,63.87701992
0.843055556,25.05945508,53.1278508,61.75733171
0.84375,27.89284413,51.30118559,59.63396388
0.844444444,22.42430866,49.55574679,57.60501594
0.845138889,22.34909018,47.82136913,55.58892581
0.845833333,21.94434593,46.18462714,53.68633015
0.846527778,21.91524639,43.92399872,51.05851108
0.847222222,27.96857937,41.75066036,70.16372572
0.847916667,27.73246362,39.55552131,68.02959949
0.848611111,27.84383897,37.46007701,68.03995509
0.849305556,26.95283613,34.97600599,67.7828947
0.85,27.06421148,33.73934113,67.80858106
0.850694444,27.62512647,32.50014879,68.88203821
0.851388889,23.3410093,31.39669171,38.88850886
0.852083333,23.42077922,30.28593522,38.96771152
0.852777778,23.46199185,29.31098296,38.85195378
0.853472222,23.27045637,28.74654458,38.67527091
0.854166667,23.94780169,28.17388434,54.83261471
0.854861111,12.3496537,27.70138069,42.79990204
0.855555556,12.02698203,27.22700738,41.58139949
0.85625,11.45283107,26.19707309,41.42908667
0.856944444,11.32282638,25.14493577,41.27677385
0.857638889,12.07330532,24.10325657,43.86609177
0.858333333,9.928232674,23.09592111,37.31664057
0.859027778,9.888506081,22.08770178,37.01201493
0.859722222,9.689451934,21.12442556,36.75612939
0.860416667,9.534339653,21.37270942,36.6647417
0.861111111,12.87445575,21.61666214,41.12446103
0.861805556,10.42999299,21.85271852,36.37230109
0.8625,10.18006016,22.09778833,36.21389576
0.863194444,11.90364341,22.09977574,35.33048141
0.863888889,11.83481337,22.68327241,34.67858255
0.864583333,19.79185474,23.28453499,40.23309961
0.865277778,20.32360899,23.91012823,37.45373744
0.865972222,20.86113931,24.54251684,37.76801349
0.866666667,22.01486679,25.89984328,38.50900693
0.867361111,22.74587275,26.75985029,38.50900693
0.868055556,23.48624099,27.63087176,40.88854329
0.86875,22.94332331,28.48484911,39.13560771
0.869444444,22.94332331,29.34512508,39.11883208
0.870138889,22.49782189,30.09193041,38.94571942
0.870833333,22.49782189,30.71701405,38.94571942
0.871527778,23.94570152,31.34747152,40.08684564
0.872222222,19.37931193,31.89275069,37.07304463
0.872916667,19.71343799,32.33996224,37.5928961
0.873611111,19.71343799,32.13630018,37.35615351
0.874305556,19.93618871,31.91230922,37.09578002
0.875,24.6273187,31.6277263,55.95588186
0.875694444,24.61395365,31.3066174,38.56990193
0.876388889,24.57831354,30.90728107,38.83566119
0.877083333,24.63177371,30.58792418,38.07820466
0.877777778,24.58722357,29.9389661,38.03904469
0.878472222,24.55603847,29.2814141,39.75364567
0.879166667,23.71302042,28.68590368,34.57500983
0.879861111,23.57728135,28.08922563,34.27038419
0.880555556,23.44543188,27.58286104,33.58802277
0.88125,21.33805868,27.21649296,33.61239282
0.881944444,22.81953871,26.84651613,38.3828303
0.882638889,22.50407278,26.47537974,33.58193025
0.883333333,21.56963153,26.10021653,33.52100513
0.884027778,21.2395865,24.98774882,32.69242339
0.884722222,19.67295649,24.4234323,32.13800473
0.885416667,20.21705344,23.78476875,37.31664057
0.886111111,14.82668214,23.17367008,31.05353746
0.886805556,14.63179471,22.56047746,30.52958137
0.8875,15.82359327,22.1421636,30.41382363
0.888194444,15.79878134,21.5785607,30.09092045
0.888888889,17.86873956,21.02204654,34.27038419
0.889583333,16.96363652,20.45841821,29.46339164
0.890277778,16.94180413,20.00188896,29.18922856
0.890972222,16.48119017,19.3896355,28.79930775
0.891666667,15.91236688,18.72043162,28.53123719
0.892361111,15.38435735,18.09924394,28.93943554
0.893055556,14.85785037,17.47982397,27.97072602
0.89375,14.39596449,16.93642881,27.71484048
0.894444444,13.81048776,16.24763266,27.2944571
0.895138889,13.41010913,15.77659898,26.98373895
0.895833333,13.01360897,15.3101282,36.85970211
0.896527778,11.73645887,14.78705602,26.50243044
0.897222222,11.75135553,14.26499708,26.50243044
0.897916667,11.51372376,13.80260009,25.63729363
0.898611111,11.37981067,13.38801255,26.50243044
0.899305556,11.02261117,12.96777785,28.6348099
0.9,8.406821057,12.5506804,25.32048297
0.900694444,8.369393428,12.13693226,25.24128031
0.901388889,8.172614941,12.46913001,25.14989261
0.902083333,8.125809316,12.69458753,25.03413487
0.902777778,8.47558438,12.98800865,26.80705608
0.903472222,4.817216364,13.28878965,24.83917446
0.904166667,4.719290696,13.58973514,24.74169426
0.904861111,4.708309482,13.77688873,24.21773816
0.905555556,4.705028762,14.30389368,23.93139006
0.90625,8.726429442,14.83019761,27.72093299
0.906944444,8.153651256,15.37370371,24.5223638
0.907638889,8.011816734,15.90823164,24.06542535
0.908333333,7.996718256,16.98557454,23.76079971
0.909027778,7.996718256,17.38007913,23.76079971
0.909722222,15.10856235,17.77477924,33.28067937
0.910416667,15.45705358,18.18476892,28.72241753
0.911111111,15.79976344,18.58795699,28.80266943
0.911805556,16.17319833,19.02729215,29.05007491
0.9125,16.03805125,19.51580665,28.96491985
0.913194444,16.99795084,19.99758923,32.59164329
0.913888889,14.1446702,20.478408,31.36548745
0.914583333,14.1446702,20.94051741,31.36548745
0.915277778,14.36742091,21.22382328,31.54041862
0.915972222,14.1446702,21.49590053,31.44783724
0.916666667,16.69293834,21.78429636,47.83036612
0.917361111,16.53701284,22.07433408,25.65983663
0.918055556,16.38108735,22.3643718,25.99698476
0.91875,16.25189193,21.92795552,25.48968201
0.919444444,16.13160655,21.29062066,25.13161508
0.920138889,15.99350111,20.6518558,26.04549199
0.920833333,15.19814941,20.00385793,23.25305599
0.921527778,14.95717045,19.3587903,22.50321096
0.922222222,14.92570849,18.63701643,21.93304588
0.922916667,14.52485368,17.91193119,21.19585184
0.923611111,14.59816464,17.17431134,21.62842025
0.924305556,13.142292,16.4204993,20.96433636
0.925,13.30567709,15.65373775,20.83030108
0.925694444,12.18473047,14.33497702,20.12966211
0.926388889,11.74950622,13.82294849,19.70927873
0.927083333,11.32033431,13.31804036,22.23767152
0.927777778,7.459262146,12.8042052,18.85023444
0.928472222,7.487557156,12.30023143,18.42375854
0.929166667,7.472265437,12.38136126,18.29581578
0.929861111,7.472265437,12.38540495,18.03383773
0.930555556,8.494218468,12.40133685,18.88678951
0.93125,7.527252612,12.41914942,17.55862173
0.931944444,7.260892208,12.4377541,17.33929127
0.932638889,7.044722769,12.45714207,17.1138683
0.933333333,6.701847446,12.49052461,16.93109292
0.934027778,6.951224318,12.51616021,16.90672287
0.934722222,5.909437321,12.53857235,16.52289457
0.935416667,6.027472866,12.5516764,16.28528657
0.936111111,5.965898607,12.53723269,15.96238339
0.936805556,5.984113127,12.85111689,15.74305293
0.9375,11.18399412,13.15764014,26.7159804
0.938194444,11.19099576,13.46438458,20.90193962
0.938888889,11.02170522,13.76312392,20.91786582
0.939583333,10.88359978,14.04755583,20.92949283
0.940277778,10.73658431,14.34313505,20.40431835
0.940972222,10.58511382,14.65124889,20.73044105
0.941666667,9.801031319,14.96870767,20.02751177
0.942361111,9.912406675,15.30230176,20.0826421
0.943055556,9.466905251,15.63313157,20.0160324
0.94375,9.132779183,15.98632477,19.74553253
0.944444444,9.890131603,16.33278694,20.178366
0.945138889,8.910028472,16.68243543,19.39213959
0.945833333,8.798653116,17.03253056,19.79910016
0.946527778,8.798653116,16.75602743,19.47768503
0.947222222,8.464527048,16.66313791,19.3697076
0.947916667,8.936758557,16.56970035,19.88217369
0.948611111,8.575902404,16.47607497,19.15226029
0.949305556,8.575902404,16.40052122,19.06443445
0.95,8.464527048,16.40043275,19.06433162
0.950694444,8.464527048,15.85955508,18.85968129
0.951388889,8.437796963,15.31678033,19.12038808
0.952083333,7.350773489,14.77402179,18.34557459
0.952777778,7.239398133,14.24057134,18.31138724
0.953472222,7.350773489,13.69803613,18.3197772
0.954166667,7.573524201,13.1687757,18.35766629
0.954861111,7.907650269,12.63903775,18.68060211
0.955555556,7.239398133,12.10780417,18.20250373
0.95625,7.239398133,11.5889098,18.20250373
0.956944444,7.239398133,11.04378841,18.20867234
0.957638889,7.239398133,10.51769254,18.20867234
0.958333333,7.818549984,9.982868751,20.72787014
0.959027778,3.151021328,9.447570123,11.11883576
0.959722222,3.151021328,8.912271496,11.11883576
0.960416667,3.102658792,8.385327421,10.81421012
0.961111111,3.102658792,7.855823918,10.81421012
0.961805556,3.226107447,7.326995856,11.72808704
0.9625,2.882517187,6.796545987,10.35727167
0.963194444,2.744245038,6.264792326,10.10138613
0.963888889,2.701871122,5.80257868,10.06483106
0.964583333,2.79397104,5.349013017,10.05264603
0.965277778,2.954566999,4.89111324,11.27114858
0.965972222,2.628773848,4.433001196,9.888148186
0.966666667,2.443305671,3.974889153,9.827223059
0.967361111,2.415626007,3.442903732,9.559152498
0.968055556,2.415626007,3.45790383,9.443394756
0.96875,2.783796283,3.472903927,10.35727167
0.969444444,2.162843351,3.493121074,9.224064297
0.970138889,2.152197721,3.505176201,9.12049158
0.970833333,2.123869281,3.537631806,9.047381427
0.971527778,2.123869281,3.48603536,8.895068609
0.972222222,2.975958312,3.501127425,9.900333212
0.972916667,2.990041211,3.517695542,8.626998048
0.973611111,3.000440113,3.529929545,8.486870255
0.974305556,3.020834873,3.55392338,8.377205025
0.975,3.038368612,3.574551308,8.377205025
0.975694444,3.062363767,3.602780903,8.834143481
0.976388889,3.086187412,3.63080872,8.224892207
0.977083333,3.110011056,3.658836537,8.224892207
0.977777778,3.210950502,3.777588826,8.224892207
0.978472222,3.316095645,3.901288994,8.224892207
0.979166667,3.425569263,4.030081486,9.900333212
0.979861111,1.786092696,4.160207081,7.116054887
0.980555556,3.064951436,4.290332676,6.982019607
0.98125,3.053943596,4.342634207,6.76878166
0.981944444,3.053943596,4.379910166,6.561636227
0.982638889,3.46443601,4.421520239,6.854076839
0.983333333,3.067117304,4.402358415,6.14734536
0.984027778,3.04318457,4.383196591,5.934107414
0.984722222,3.011217118,4.35725016,5.708684443
0.985416667,3.011217118,4.320732489,5.483261471
0.986111111,3.636965567,4.27878302,7.258043216
0.986805556,3.007134609,4.233892386,6.552639821
0.9875,3.229885321,4.197163771,6.686067843
0.988194444,3.127419994,4.133886192,6.686067843
0.988888889,2.935854381,4.049834771,6.686067843
0.989583333,2.739833755,3.905601762,6.76826325
0.990277778,2.45025783,3.761886769,6.104827572
0.990972222,2.356702531,3.618171776,6.104827572
0.991666667,2.227507118,3.599103639,4.338752843
0.992361111,2.154871016,3.598700611,4.338752843
0.993055556,2.0655066,3.599540768,4.513971995
0.99375,1.225128915,3.602251835,4.187360454
0.994444444,1.002378203,3.605234008,4.190827017
0.995138889,1.002378203,3.466358867,4.029394586
0.995833333,1.002378203,3.345766261,3.889214295
0.996527778,0.891002847,3.204234298,3.724693498
0.997222222,0,3.04501084,3.539607601
0.997916667,0,2.864557588,3.329843585
0.998611111,0,2.653274581,3.084242181
0.999305556,0,2.453388989,2.851889458
